C_TERRITOIRE_ID;C_LBLTERRITOIRE;C_DEPARTEMENT_ID;C_LBLDEPARTEMENT;C_REGION_ID;C_LBLREGION;TX_ACCESM6;TX_PRESEMPM6;TX_ACCESM6_D;TX_PRESEMPM6_D;DELTA_TX_ACCESM6;DELTA_TX_PRESEMPM6;TERRITOIRE_PROCHE1;TERRITOIRE_PROCHE2;TERRITOIRE_PROCHE3;TERRITOIRE_PROCHE4;TERRITOIRE_PROCHE5;TERRITOIRE_PROCHE6;TERRITOIRE_PROCHE7;TERRITOIRE_PROCHE8;TERRITOIRE_PROCHE9;TERRITOIRE_PROCHE10
CLPE01001;DOMBES - SAÔNE - CÔTIÈRE;01;AIN;84;AUVERGNE-RHÔNE-ALPES;0.2791385171;0.1971647399;0.2719341105;0.1848702097;0.0072044066;0.0122945302;CLPE33002;CLPE69D04;CLPE69D02;CLPE69D03;CLPE42002;CLPE67002;CLPE74001;CLPE69D01;CLPE73002;CLPE67004
CLPE01002;GRAND BOURG AGGLOMÉRATION - BRESSE - VEYLE;01;AIN;84;AUVERGNE-RHÔNE-ALPES;0.2738018445;0.1852368416;0.2655933056;0.177931526;0.0082085389;0.0073053156;CLPE01004;CLPE38003;CLPE41001;CLPE71002;CLPE22002;CLPE45003;CLPE71005;CLPE68002;CLPE73002;CLPE67004
CLPE01003;HAUT BUGEY AGGLOMÉRATION - VALSERHÔNE - PAYS DE GEX;01;AIN;84;AUVERGNE-RHÔNE-ALPES;0.2341577138;0.1435912226;0.2166061789;0.1410006866;0.017551535;0.002590536;CLPE74003;CLPE89003;CLPE25002;CLPE68004;CLPE28003;CLPE42001;CLPE68003;CLPE60003;CLPE89001;CLPE28002
CLPE01004;PLAINE DE L'AIN - BUGEY SUD - RIVES DE L'AIN PAYS DU CE;01;AIN;84;AUVERGNE-RHÔNE-ALPES;0.2791266555;0.1888947823;0.2683277006;0.1812903209;0.0107989549;0.0076044613;CLPE01002;CLPE38003;CLPE35001;CLPE67004;CLPE56002;CLPE41001;CLPE22001;CLPE22002;CLPE73002;CLPE67003
CLPE02001;CHÂTEAU-THIERRY;02;AISNE;32;HAUTS-DE-FRANCE;0.245680327;0.1541227257;0.226785182;0.1518403757;0.018895145;0.0022823499;CLPE89001;CLPE61001;CLPE60001;CLPE28001;CLPE89003;CLPE76001;CLPE60003;CLPE47003;CLPE27003;CLPE18001
CLPE02002;LAON;02;AISNE;32;HAUTS-DE-FRANCE;0.1912018414;0.1255084437;0.1966347222;0.1303441088;-0.005432881;-0.004835665;CLPE59001;CLPE02004;CLPE54002;CLPE57001;CLPE62004;CLPE02003;CLPE02005;CLPE55002;CLPE03001;CLPE10003
CLPE02003;SAINT-QUENTIN;02;AISNE;32;HAUTS-DE-FRANCE;0.1820839463;0.1211180859;0.1925587775;0.1274535587;-0.010474831;-0.006335473;CLPE59001;CLPE59006;CLPE02002;CLPE02004;CLPE59002;CLPE08001;CLPE02005;CLPE57001;CLPE62004;CLPE54002
CLPE02004;SOISSONS;02;AISNE;32;HAUTS-DE-FRANCE;0.2180025091;0.1428631168;0.1997356327;0.1321782981;0.0182668764;0.0106848187;CLPE02002;CLPE45002;CLPE59001;CLPE90001;CLPE02003;CLPE03001;CLPE10003;CLPE54002;CLPE57004;CLPE71001
CLPE02005;VERVINS;02;AISNE;32;HAUTS-DE-FRANCE;0.1732835387;0.1135205638;0.1918615017;0.126724166;-0.018577963;-0.013203602;CLPE59001;CLPE02002;CLPE02003;CLPE54002;CLPE02004;CLPE57001;CLPE62004;CLPE08001;CLPE18003;CLPE08004
CLPE03001;MONTLUÇON;03;ALLIER;84;AUVERGNE-RHÔNE-ALPES;0.1807833579;0.1185060588;0.2066950412;0.1365673955;-0.025911683;-0.018061337;CLPE88004;CLPE71001;CLPE10003;CLPE45002;CLPE02004;CLPE88001;CLPE18003;CLPE54002;CLPE03003;CLPE90001
CLPE03002;MOULINS;03;ALLIER;84;AUVERGNE-RHÔNE-ALPES;0.2153439272;0.1423560526;0.2125898103;0.1395211982;0.0027541169;0.0028348544;CLPE36001;CLPE65003;CLPE88001;CLPE55002;CLPE81003;CLPE11001;CLPE09003;CLPE71001;CLPE58004;CLPE18001
CLPE03003;VICHY;03;ALLIER;84;AUVERGNE-RHÔNE-ALPES;0.2203557738;0.1483341948;0.2180648712;0.1433004359;0.0022909026;0.0050337588;CLPE89001;CLPE71001;CLPE63002;CLPE45002;CLPE61001;CLPE88004;CLPE81003;CLPE21004;CLPE23001;CLPE42003
CLPE04001;ALPES-DE-HAUTE-PROVENCE;04;ALPES-DE-HAUTE-PROVENCE;93;PROVENCE-ALPES-CÔTE D'AZUR;0.2565391816;0.1691762503;0.245764329;0.1637408569;0.0107748526;0.0054353935;CLPE84004;CLPE07002;CLPE84003;CLPE84001;CLPE24003;CLPE26002;CLPE31003;CLPE22003;CLPE24001;CLPE46003
CLPE05001;HAUTES-ALPES;05;HAUTES-ALPES;93;PROVENCE-ALPES-CÔTE D'AZUR;0.322813431;0.1981413125;0.2930998791;0.194514797;0.0297135519;0.0036265154;CLPE38001;CLPE65002;CLPE64003;CLPE40003;CLPE40002;CLPE56001;CLPE35003;CLPE24004;CLPE74002;CLPE85003
CLPE06001;GRASSE;06;ALPES-MARITIMES;93;PROVENCE-ALPES-CÔTE D'AZUR;0.2602138725;0.1787118793;0.2443335142;0.1636832183;0.0158803583;0.0150286611;CLPE06002;CLPE13001;CLPE83003;CLPE83002;CLPE34003;CLPE68002;CLPE83001;CLPE69M06;CLPE30002;CLPE73002
CLPE06002;NICE;06;ALPES-MARITIMES;93;PROVENCE-ALPES-CÔTE D'AZUR;0.2488114902;0.1613512569;0.2398984568;0.1603146641;0.0089130334;0.0010365928;CLPE06001;CLPE34003;CLPE83003;CLPE13001;CLPE38002;CLPE69M06;CLPE69M02;CLPE33003;CLPE68002;CLPE30001
CLPE07001;ANNONAY;07;ARDÈCHE;84;AUVERGNE-RHÔNE-ALPES;0.2706144654;0.1800053509;0.2544313298;0.168210967;0.0161831356;0.011794384;CLPE42003;CLPE26002;CLPE14004;CLPE68005;CLPE71002;CLPE63003;CLPE45004;CLPE26001;CLPE82002;CLPE39003
CLPE07002;AUBENAS;07;ARDÈCHE;84;AUVERGNE-RHÔNE-ALPES;0.2483727157;0.1683962959;0.2407182765;0.1584071577;0.0076544391;0.0099891382;CLPE04001;CLPE66001;CLPE46003;CLPE66003;CLPE24001;CLPE11003;CLPE31003;CLPE84004;CLPE26002;CLPE65002
CLPE07003;CENTRE ARDÈCHE;07;ARDÈCHE;84;AUVERGNE-RHÔNE-ALPES;0.2383683474;0.1589541333;0.2283331778;0.1496717635;0.0100351697;0.0092823699;CLPE31003;CLPE81003;CLPE46001;CLPE19002;CLPE81002;CLPE63002;CLPE65003;CLPE81001;CLPE82002;CLPE71003
CLPE08001;CHARLEVILLE-MÉZIÈRES;08;ARDENNES;44;GRAND EST;0.1763933977;0.1150765209;0.1889730607;0.1243954375;-0.012579663;-0.009318917;CLPE02003;CLPE10002;CLPE57001;CLPE59001;CLPE02002;CLPE59006;CLPE08004;CLPE30003;CLPE59005;CLPE54002
CLPE08002;RETHEL;08;ARDENNES;44;GRAND EST;0.2339816934;0.1544086098;0.2281408623;0.1508088746;0.0058408311;0.0035997353;CLPE16003;CLPE57003;CLPE37003;CLPE71003;CLPE63003;CLPE17005;CLPE86002;CLPE63002;CLPE24001;CLPE89002
CLPE08003;REVIN;08;ARDENNES;44;GRAND EST;0.1874423937;0.1233504934;0.1858628019;0.1213732505;0.0015795918;0.0019772429;CLPE08001;CLPE59005;CLPE08004;CLPE57001;CLPE30003;CLPE02005;CLPE54001;CLPE54002;CLPE59001;CLPE10002
CLPE08004;SEDAN;08;ARDENNES;44;GRAND EST;0.1822851915;0.1161244165;0.1886939748;0.1252255528;-0.006408783;-0.009101136;CLPE57001;CLPE59005;CLPE59001;CLPE59006;CLPE54002;CLPE08001;CLPE02002;CLPE02003;CLPE59002;CLPE62004
CLPE09001;COUSERANS;09;ARIÈGE;76;OCCITANIE;0.1803466552;0.1090420029;0.192147375;0.1238439986;-0.01180072;-0.014801996;CLPE11002;CLPE30003;CLPE09002;CLPE58002;CLPE46001;CLPE09003;CLPE08001;CLPE23001;CLPE18002;CLPE18003
CLPE09002;PAYS DES PYRÉNÉES CATHARES;09;ARIÈGE;76;OCCITANIE;0.1872176518;0.120238718;0.2021674316;0.1315178595;-0.01494978;-0.011279142;CLPE11002;CLPE46001;CLPE81003;CLPE11001;CLPE34001;CLPE55001;CLPE31003;CLPE30003;CLPE09003;CLPE18002
CLPE09003;VALLÉE DE L'ARIÈGE;09;ARIÈGE;76;OCCITANIE;0.2236249436;0.1405628622;0.2137450464;0.1412832191;0.0098798972;-0.000720357;CLPE65003;CLPE11001;CLPE81003;CLPE03002;CLPE46001;CLPE88001;CLPE36001;CLPE81001;CLPE07003;CLPE55001
CLPE10001;BAR-SUR-AUBE;10;AUBE;44;GRAND EST;0.2651979922;0.1582543224;0.2459356116;0.1599471168;0.0192623806;-0.001692794;CLPE17001;CLPE51004;CLPE33007;CLPE17005;CLPE33004;CLPE49003;CLPE61002;CLPE41002;CLPE24001;CLPE47002
CLPE10002;NOGENT-SUR-SEINE;10;AUBE;44;GRAND EST;0.2168805162;0.1407253579;0.1955303152;0.12919341;0.021350201;0.0115319478;CLPE18003;CLPE10003;CLPE08001;CLPE02002;CLPE54002;CLPE88001;CLPE03001;CLPE59001;CLPE57001;CLPE55002
CLPE10003;TROYES;10;AUBE;44;GRAND EST;0.2288660329;0.1479239849;0.2071594022;0.1366189204;0.0217066306;0.0113050645;CLPE88001;CLPE57002;CLPE45002;CLPE03001;CLPE18003;CLPE90001;CLPE80002;CLPE36001;CLPE71001;CLPE02004
CLPE11001;CARCASSONNE;11;AUDE;76;OCCITANIE;0.2015859622;0.1301829867;0.2153055093;0.1412776643;-0.013719547;-0.011094678;CLPE65003;CLPE09003;CLPE81003;CLPE34001;CLPE81001;CLPE31003;CLPE03002;CLPE11003;CLPE82002;CLPE88001
CLPE11002;LIMOUX;11;AUDE;76;OCCITANIE;0.1822757553;0.1167889106;0.1952820321;0.1257848443;-0.013006277;-0.008995934;CLPE58002;CLPE09002;CLPE09001;CLPE30003;CLPE31003;CLPE23001;CLPE81003;CLPE11001;CLPE18002;CLPE34001
CLPE11003;NARBONNE;11;AUDE;76;OCCITANIE;0.2052371003;0.134064836;0.2182059648;0.144493773;-0.012968865;-0.010428937;CLPE34001;CLPE30001;CLPE66001;CLPE31003;CLPE11001;CLPE66002;CLPE84004;CLPE30002;CLPE03003;CLPE24003
CLPE12001;MILLAU;12;AVEYRON;76;OCCITANIE;0.2632704597;0.1736239951;0.2284159762;0.1495840905;0.0348544835;0.0240399045;CLPE46003;CLPE23001;CLPE24002;CLPE43002;CLPE29002;CLPE36003;CLPE58001;CLPE31003;CLPE21004;CLPE04001
CLPE12002;RODEZ;12;AVEYRON;76;OCCITANIE;0.2708385368;0.1855203106;0.2688239625;0.1806184639;0.0020145743;0.0049018467;CLPE39002;CLPE73002;CLPE71005;CLPE50003;CLPE35003;CLPE56001;CLPE40001;CLPE64002;CLPE29003;CLPE22001
CLPE12003;VILLEFRANCHE DE ROUERGUE;12;AVEYRON;76;OCCITANIE;0.2453848897;0.1641638687;0.2429365641;0.1599013216;0.0024483257;0.0042625471;CLPE19002;CLPE32002;CLPE46002;CLPE87003;CLPE86002;CLPE71003;CLPE07003;CLPE19003;CLPE43001;CLPE64001
CLPE13001;AIX-EN-PROVENCE;13;BOUCHES-DU-RHÔNE;93;PROVENCE-ALPES-CÔTE D'AZUR;0.239105476;0.1638124018;0.2380345638;0.157488182;0.0010709122;0.0063242199;CLPE34003;CLPE38002;CLPE06001;CLPE33003;CLPE69M06;CLPE06002;CLPE21003;CLPE63001;CLPE69M02;CLPE31004
CLPE13002;ARLES;13;BOUCHES-DU-RHÔNE;93;PROVENCE-ALPES-CÔTE D'AZUR;0.2534488265;0.1732359517;0.2545313178;0.1694814248;-0.001082491;0.0037545268;CLPE84001;CLPE84003;CLPE84004;CLPE26002;CLPE22003;CLPE24001;CLPE17006;CLPE50003;CLPE04001;CLPE30002
CLPE13003;ISTRES;13;BOUCHES-DU-RHÔNE;93;PROVENCE-ALPES-CÔTE D'AZUR;0.2161026011;0.1463316595;0.2189738151;0.1463976032;-0.002871214;-0.000065944;CLPE60003;CLPE76004;CLPE76002;CLPE28002;CLPE60001;CLPE42001;CLPE27002;CLPE60004;CLPE16001;CLPE30001
CLPE13004;MARSEILLE;13;BOUCHES-DU-RHÔNE;93;PROVENCE-ALPES-CÔTE D'AZUR;0.2268704369;0.1537119202;0.2167935538;0.1446145243;0.010076883;0.009097396;CLPE67005;CLPE59004;CLPE77005;CLPE84002;CLPE77001;CLPE95001;CLPE34003;CLPE60004;CLPE69M05;CLPE69M02
CLPE14001;BAYEUX;14;CALVADOS;28;NORMANDIE;0.2609839387;0.1809878601;0.2651858418;0.1787637903;-0.004201903;0.0022240697;CLPE22001;CLPE50003;CLPE69D02;CLPE14003;CLPE83001;CLPE67004;CLPE56001;CLPE35003;CLPE22003;CLPE22002
CLPE14002;CAEN;14;CALVADOS;28;NORMANDIE;0.2410185637;0.1621172344;0.2349725215;0.1548684329;0.0060460422;0.0072488016;CLPE37004;CLPE72001;CLPE49001;CLPE25001;CLPE63001;CLPE21003;CLPE76004;CLPE26001;CLPE16001;CLPE28002
CLPE14003;LISIEUX;14;CALVADOS;28;NORMANDIE;0.245614146;0.1683130747;0.2715996903;0.1837926006;-0.025985544;-0.015479526;CLPE22001;CLPE50003;CLPE14001;CLPE56001;CLPE71005;CLPE35003;CLPE22002;CLPE44003;CLPE50001;CLPE22003
CLPE14004;VIRE;14;CALVADOS;28;NORMANDIE;0.2512618834;0.1645093364;0.2454224319;0.1641930968;0.0058394515;0.0003162396;CLPE27001;CLPE61001;CLPE28001;CLPE71002;CLPE42003;CLPE76001;CLPE41002;CLPE56002;CLPE72002;CLPE76003
CLPE15001;AURILLAC;15;CANTAL;84;AUVERGNE-RHÔNE-ALPES;0.2524373206;0.1666896965;0.252850065;0.1684940678;-0.000412744;-0.001804371;CLPE19001;CLPE32002;CLPE40001;CLPE19002;CLPE50001;CLPE52002;CLPE39002;CLPE64002;CLPE79002;CLPE22003
CLPE15002;MAURIAC;15;CANTAL;84;AUVERGNE-RHÔNE-ALPES;0.2662418865;0.1871613172;0.2468731339;0.1638038802;0.0193687526;0.023357437;CLPE15003;CLPE24004;CLPE24002;CLPE64001;CLPE32001;CLPE15001;CLPE32002;CLPE86002;CLPE46003;CLPE43001
CLPE15003;SAINT-FLOUR;15;CANTAL;84;AUVERGNE-RHÔNE-ALPES;0.2718427323;0.1831612391;0.2527359803;0.1694169202;0.019106752;0.0137443189;CLPE48001;CLPE15002;CLPE24004;CLPE32002;CLPE32001;CLPE15001;CLPE12003;CLPE16004;CLPE43001;CLPE64001
CLPE16001;ANGOULÊME;16;CHARENTE;75;NOUVELLE-AQUITAINE;0.2212467445;0.1443753676;0.2333207234;0.155146374;-0.012073979;-0.010771006;CLPE18001;CLPE72001;CLPE71002;CLPE26001;CLPE60003;CLPE25001;CLPE28002;CLPE24003;CLPE82002;CLPE76002
CLPE16002;COGNAC;16;CHARENTE;75;NOUVELLE-AQUITAINE;0.2700451384;0.1749383981;0.2711140795;0.1795147928;-0.001068941;-0.004576395;CLPE49003;CLPE37002;CLPE26003;CLPE47002;CLPE79001;CLPE29004;CLPE21001;CLPE72003;CLPE79003;CLPE47001
CLPE16003;NORD CHARENTE;16;CHARENTE;75;NOUVELLE-AQUITAINE;0.2066184852;0.1351708583;0.2246276806;0.1468668716;-0.018009195;-0.011696013;CLPE37003;CLPE71003;CLPE61002;CLPE86002;CLPE24001;CLPE63002;CLPE17005;CLPE36003;CLPE23001;CLPE21004
CLPE16004;SUD CHARENTE;16;CHARENTE;75;NOUVELLE-AQUITAINE;0.2320930658;0.1507062211;0.2538391678;0.1660516618;-0.021746102;-0.015345441;CLPE47002;CLPE17001;CLPE86002;CLPE79003;CLPE32001;CLPE33007;CLPE22003;CLPE16002;CLPE49003;CLPE43001
CLPE17001;JONZAC;17;CHARENTE-MARITIME;75;NOUVELLE-AQUITAINE;0.265955998;0.1733338286;0.2519010404;0.1626205968;0.0140549575;0.0107132318;CLPE33007;CLPE47002;CLPE16004;CLPE37002;CLPE86002;CLPE79003;CLPE22003;CLPE10001;CLPE51004;CLPE49003
CLPE17002;LA ROCHELLE;17;CHARENTE-MARITIME;75;NOUVELLE-AQUITAINE;0.2584338174;0.1776563346;0.2731393286;0.1846542767;-0.014705511;-0.006997942;CLPE40003;CLPE56001;CLPE29003;CLPE64003;CLPE56003;CLPE35003;CLPE33001;CLPE29001;CLPE86003;CLPE19001
CLPE17003;ROCHEFORT;17;CHARENTE-MARITIME;75;NOUVELLE-AQUITAINE;0.2691871571;0.1829410287;0.2675670703;0.1799362171;0.0016200867;0.0030048117;CLPE40003;CLPE29003;CLPE17006;CLPE17002;CLPE40002;CLPE24004;CLPE19001;CLPE22003;CLPE56003;CLPE65002
CLPE17004;ROYAN;17;CHARENTE-MARITIME;75;NOUVELLE-AQUITAINE;0.2714993246;0.1850909304;0.2673912509;0.1829956457;0.0041080737;0.0020952848;CLPE85003;CLPE14003;CLPE24004;CLPE56001;CLPE83002;CLPE35003;CLPE22001;CLPE46003;CLPE33001;CLPE50003
CLPE17005;SAINT-JEAN-D'ANGÉLY;17;CHARENTE-MARITIME;75;NOUVELLE-AQUITAINE;0.2364480841;0.1566033124;0.2228234296;0.1444062429;0.0136246545;0.0121970695;CLPE21004;CLPE36003;CLPE61002;CLPE63002;CLPE16003;CLPE23001;CLPE29002;CLPE37003;CLPE24001;CLPE47003
CLPE17006;SAINTES;17;CHARENTE-MARITIME;75;NOUVELLE-AQUITAINE;0.2588823021;0.1723362908;0.2584101502;0.1723354561;0.000472152;8.3468706E-7;CLPE40001;CLPE47001;CLPE22003;CLPE29003;CLPE19001;CLPE84003;CLPE79002;CLPE63004;CLPE24001;CLPE56003
CLPE18001;BOURGES;18;CHER;24;CENTRE-VAL DE LOIRE;0.2151201915;0.1410017051;0.2325874998;0.1539382946;-0.017467308;-0.01293659;CLPE16001;CLPE24003;CLPE58004;CLPE82002;CLPE89001;CLPE61003;CLPE71002;CLPE51001;CLPE26001;CLPE71001
CLPE18002;SAINT-AMAND-MONTROND;18;CHER;24;CENTRE-VAL DE LOIRE;0.1891733192;0.1235337705;0.208397132;0.1377460213;-0.019223813;-0.014212251;CLPE23001;CLPE55002;CLPE58002;CLPE58003;CLPE18003;CLPE81003;CLPE70002;CLPE03003;CLPE36002;CLPE03002
CLPE18003;VIERZON;18;CHER;24;CENTRE-VAL DE LOIRE;0.1925920495;0.1254414586;0.2041897524;0.1337970349;-0.011597703;-0.008355576;CLPE10002;CLPE45002;CLPE10003;CLPE03001;CLPE02004;CLPE02002;CLPE71001;CLPE18002;CLPE88004;CLPE88001
CLPE19001;BRIVE LA GAILLARDE;19;CORRÈZE;75;NOUVELLE-AQUITAINE;0.2669783196;0.1792108262;0.2554334603;0.1706987356;0.0115448593;0.0085120906;CLPE40001;CLPE47001;CLPE56003;CLPE29003;CLPE64002;CLPE17006;CLPE79002;CLPE22002;CLPE50003;CLPE22003
CLPE19002;TULLE;19;CORRÈZE;75;NOUVELLE-AQUITAINE;0.2567324357;0.1657612318;0.2423190742;0.160750112;0.0144133615;0.0050111198;CLPE32002;CLPE86002;CLPE12003;CLPE40001;CLPE07003;CLPE24001;CLPE46002;CLPE19001;CLPE71003;CLPE19003
CLPE19003;USSEL;19;CORRÈZE;75;NOUVELLE-AQUITAINE;0.2510475172;0.1642744644;0.2328684479;0.1539854499;0.0181790692;0.0102890144;CLPE19002;CLPE12003;CLPE46002;CLPE71003;CLPE52001;CLPE07003;CLPE32002;CLPE87004;CLPE89002;CLPE65003
CLPE21001;BEAUNE;21;CÔTE-D'OR;27;BOURGOGNE-FRANCHE-COMTÉ;0.2822661434;0.1879927872;0.2788115131;0.1880198752;0.0034546302;-0.000027088;CLPE29004;CLPE22001;CLPE85004;CLPE37002;CLPE26003;CLPE16002;CLPE35003;CLPE37001;CLPE56001;CLPE44003
CLPE21002;DIJON HORS MÉTROPOLE;21;CÔTE-D'OR;27;BOURGOGNE-FRANCHE-COMTÉ;0.2741020543;0.1882571239;0.262379183;0.1753018677;0.0117228713;0.0129552563;CLPE42002;CLPE71004;CLPE35001;CLPE27001;CLPE37001;CLPE67002;CLPE37002;CLPE39001;CLPE67004;CLPE67003
CLPE21003;DIJON MÉTROPOLE;21;CÔTE-D'OR;27;BOURGOGNE-FRANCHE-COMTÉ;0.2346780023;0.1533196298;0.2355696533;0.1550980543;-0.000891651;-0.001778424;CLPE63001;CLPE37004;CLPE14002;CLPE33003;CLPE25001;CLPE31004;CLPE38002;CLPE44001;CLPE34003;CLPE51003
CLPE21004;MONTBARD;21;CÔTE-D'OR;27;BOURGOGNE-FRANCHE-COMTÉ;0.2198731501;0.1405067176;0.2205579074;0.1441113253;-0.000684757;-0.003604608;CLPE23001;CLPE61002;CLPE17005;CLPE36003;CLPE58003;CLPE03003;CLPE63002;CLPE16003;CLPE37003;CLPE41003
CLPE22001;DINAN;22;CÔTES-D'ARMOR;53;BRETAGNE;0.2743146603;0.1853794199;0.2758955484;0.1875970246;-0.001580888;-0.002217605;CLPE44003;CLPE35003;CLPE56001;CLPE14001;CLPE29003;CLPE35001;CLPE50003;CLPE29004;CLPE42002;CLPE14003
CLPE22002;SAINT-BRIEUC;22;CÔTES-D'ARMOR;53;BRETAGNE;0.2586998513;0.1763864605;0.2603158464;0.1739780467;-0.001615995;0.0024084138;CLPE01002;CLPE56003;CLPE41001;CLPE29003;CLPE40001;CLPE49001;CLPE19001;CLPE14002;CLPE64002;CLPE73002
CLPE22003;TRÉGOR GOËLO - GUINGAMP;22;CÔTES-D'ARMOR;53;BRETAGNE;0.2565139436;0.1711362169;0.2642164024;0.1776443162;-0.007702459;-0.006508099;CLPE29004;CLPE29003;CLPE40001;CLPE17006;CLPE63004;CLPE50003;CLPE37001;CLPE22001;CLPE19001;CLPE24001
CLPE23001;CREUSE;23;CREUSE;75;NOUVELLE-AQUITAINE;0.2067982419;0.1336568975;0.2152846341;0.1402295395;-0.008486392;-0.006572642;CLPE31003;CLPE21004;CLPE58003;CLPE63002;CLPE36003;CLPE81003;CLPE03003;CLPE18002;CLPE17005;CLPE16003
CLPE24001;BERGERAC;24;DORDOGNE;75;NOUVELLE-AQUITAINE;0.2339132562;0.1547446148;0.2470005862;0.1629715709;-0.01308733;-0.008226956;CLPE84003;CLPE84004;CLPE24003;CLPE26002;CLPE37003;CLPE17006;CLPE22003;CLPE84001;CLPE86002;CLPE81002
CLPE24002;NONTRON;24;DORDOGNE;75;NOUVELLE-AQUITAINE;0.2230174011;0.1436226251;0.231008636;0.1529758427;-0.007991235;-0.009353218;CLPE86002;CLPE61002;CLPE24001;CLPE46003;CLPE71003;CLPE32001;CLPE87001;CLPE16003;CLPE21004;CLPE64001
CLPE24003;PÉRIGUEUX;24;DORDOGNE;75;NOUVELLE-AQUITAINE;0.2149646912;0.1411572487;0.2316979331;0.154016895;-0.016733242;-0.012859646;CLPE82002;CLPE18001;CLPE16001;CLPE81001;CLPE61003;CLPE58004;CLPE30002;CLPE26002;CLPE84004;CLPE62006
CLPE24004;SARLAT;24;DORDOGNE;75;NOUVELLE-AQUITAINE;0.2527221401;0.1728830385;0.2707724975;0.1849794389;-0.018050357;-0.0120964;CLPE46003;CLPE17003;CLPE40002;CLPE15002;CLPE17004;CLPE40003;CLPE22003;CLPE85003;CLPE33006;CLPE83002
CLPE25001;BESANÇON;25;DOUBS;27;BOURGOGNE-FRANCHE-COMTÉ;0.2223573379;0.14454443;0.2282447801;0.1507308392;-0.005887442;-0.006186409;CLPE14002;CLPE16001;CLPE63001;CLPE76004;CLPE72001;CLPE26001;CLPE42001;CLPE21003;CLPE18001;CLPE37004
CLPE25002;MONTBÉLIARD;25;DOUBS;27;BOURGOGNE-FRANCHE-COMTÉ;0.1931055805;0.1301089813;0.2205647809;0.1475411203;-0.0274592;-0.017432139;CLPE89003;CLPE60003;CLPE27003;CLPE89001;CLPE42001;CLPE27002;CLPE28002;CLPE60001;CLPE45002;CLPE90001
CLPE25003;PONTARLIER;25;DOUBS;27;BOURGOGNE-FRANCHE-COMTÉ;0.26303981;0.167827751;0.2571039059;0.1730804444;0.0059359041;-0.005252693;CLPE39003;CLPE07001;CLPE56002;CLPE70001;CLPE68005;CLPE67003;CLPE42003;CLPE67001;CLPE57003;CLPE63004
CLPE26001;DRÔME - ARDÈCHE CENTRE;26;DRÔME;84;AUVERGNE-RHÔNE-ALPES;0.2484191562;0.166781242;0.2386439491;0.1585531791;0.0097752071;0.0082280629;CLPE71002;CLPE16001;CLPE26002;CLPE28002;CLPE42001;CLPE42003;CLPE82002;CLPE14002;CLPE25001;CLPE60003
CLPE26002;DRÔME - ARDÈCHE SUD;26;DRÔME;84;AUVERGNE-RHÔNE-ALPES;0.2583713604;0.170871599;0.2458775137;0.1642979695;0.0124938466;0.0065736295;CLPE84003;CLPE26001;CLPE30002;CLPE84004;CLPE42003;CLPE82002;CLPE24003;CLPE43002;CLPE24001;CLPE71002
CLPE26003;NORD ARDÈCHE - NORD DRÔME;26;DRÔME;84;AUVERGNE-RHÔNE-ALPES;0.2821998418;0.188707391;0.2689725154;0.1788741646;0.0132273263;0.0098332265;CLPE37002;CLPE29004;CLPE37001;CLPE49003;CLPE16002;CLPE56002;CLPE41002;CLPE35001;CLPE22003;CLPE72003
CLPE26004;VALLÉE DE LA DRÔME;26;DRÔME;84;AUVERGNE-RHÔNE-ALPES;0.2828682054;0.1712173782;0.2552598056;0.1687586818;0.0276083997;0.0024586964;CLPE64001;CLPE33007;CLPE04001;CLPE26002;CLPE22003;CLPE43001;CLPE81002;CLPE63004;CLPE39001;CLPE46003
CLPE27001;BERNAY;27;EURE;24;CENTRE-VAL DE LOIRE;0.25;0.1428571429;0.2454179196;0.1670812172;0.0045820804;-0.024224074;CLPE14004;CLPE76003;CLPE71004;CLPE33005;CLPE67003;CLPE41002;CLPE76001;CLPE72002;CLPE28001;CLPE27003
CLPE27001;BERNAY;27;EURE;28;NORMANDIE;0.2344283948;0.1599770615;0.2454179196;0.1670812172;-0.010989525;-0.007104156;CLPE14004;CLPE76003;CLPE71004;CLPE33005;CLPE67003;CLPE41002;CLPE76001;CLPE72002;CLPE28001;CLPE27003
CLPE27002;ÉVREUX;27;EURE;28;NORMANDIE;0.2168427178;0.1462916451;0.2195804805;0.147064503;-0.002737763;-0.000772858;CLPE60001;CLPE76004;CLPE28002;CLPE76002;CLPE60003;CLPE13003;CLPE89003;CLPE42001;CLPE60004;CLPE16001
CLPE27003;LES ANDELYS;27;EURE;28;NORMANDIE;0.2303792161;0.1570266727;0.237180338;0.1582991774;-0.006801122;-0.001272505;CLPE28002;CLPE60001;CLPE45001;CLPE38003;CLPE60003;CLPE89003;CLPE27001;CLPE27002;CLPE71002;CLPE67001
CLPE28001;BEAUCE DUNOISE;28;EURE-ET-LOIR;24;CENTRE-VAL DE LOIRE;0.2417482796;0.1603780064;0.2377241681;0.1558145851;0.0040241115;0.0045634213;CLPE61001;CLPE89001;CLPE41003;CLPE14004;CLPE27001;CLPE61002;CLPE02001;CLPE45001;CLPE89003;CLPE71002
CLPE28002;CHARTRAIN;28;EURE-ET-LOIR;24;CENTRE-VAL DE LOIRE;0.240054536;0.1601627028;0.2284251064;0.1534868541;0.0116294296;0.0066758487;CLPE60003;CLPE27002;CLPE27003;CLPE60001;CLPE76004;CLPE71002;CLPE16001;CLPE26001;CLPE13003;CLPE72001
CLPE28003;DREUX ET DES PORTES EURÉLIENNES D'ÎLE-DE-FRANCE;28;EURE-ET-LOIR;24;CENTRE-VAL DE LOIRE;0.2159725763;0.1438551577;0.2174338229;0.146128017;-0.001461247;-0.002272859;CLPE60001;CLPE45002;CLPE28002;CLPE27002;CLPE60004;CLPE89003;CLPE60003;CLPE90001;CLPE13003;CLPE76004
CLPE28003;DREUX ET DES PORTES EURÉLIENNES D'ÎLE-DE-FRANCE;28;EURE-ET-LOIR;28;NORMANDIE;0.2278557287;0.1584746492;0.2174338229;0.146128017;0.0104219058;0.0123466322;CLPE60001;CLPE45002;CLPE28002;CLPE27002;CLPE60004;CLPE89003;CLPE60003;CLPE90001;CLPE13003;CLPE76004
CLPE28004;PERCHE - NOGENT;28;EURE-ET-LOIR;24;CENTRE-VAL DE LOIRE;0.2169574934;0.1412447234;0.2257187865;0.1484671937;-0.008761293;-0.00722247;CLPE52001;CLPE36001;CLPE87004;CLPE09003;CLPE37003;CLPE65003;CLPE57003;CLPE46001;CLPE19003;CLPE07003
CLPE29001;BREST;29;FINISTÈRE;53;BRETAGNE;0.2630982004;0.1775067937;0.2581876109;0.1726903343;0.0049105895;0.0048164594;CLPE56003;CLPE86003;CLPE79002;CLPE29003;CLPE49001;CLPE64002;CLPE22002;CLPE40001;CLPE73002;CLPE17002
CLPE29002;CENTRE-OUEST BRETAGNE;29;FINISTÈRE;53;BRETAGNE;0.2367029516;0.1523966201;0.2237265354;0.1458170911;0.0129764162;0.006579529;CLPE47003;CLPE36003;CLPE17005;CLPE61002;CLPE21004;CLPE63002;CLPE23001;CLPE03003;CLPE24002;CLPE89001
CLPE29003;CORNOUAILLE;29;FINISTÈRE;53;BRETAGNE;0.2814194636;0.1901747765;0.2650425124;0.1782980853;0.0163769511;0.0118766912;CLPE22003;CLPE40003;CLPE56003;CLPE56001;CLPE40001;CLPE19001;CLPE17006;CLPE29001;CLPE35003;CLPE64002
CLPE29004;MORLAIX;29;FINISTÈRE;53;BRETAGNE;0.2820452403;0.1918394596;0.2699385342;0.179796613;0.0121067062;0.0120428466;CLPE22003;CLPE37002;CLPE26003;CLPE37001;CLPE29003;CLPE22001;CLPE49003;CLPE40001;CLPE21001;CLPE17006
CLPE2A001;AJACCIO;2A;CORSE-DU-SUD;94;CORSE;0.2439440727;0.1753902899;0.25945835;0.1816942372;-0.015514277;-0.006303947;CLPE2B001;CLPE83002;CLPE2B003;CLPE83003;CLPE06001;CLPE2B002;CLPE17002;CLPE33001;CLPE64003;CLPE83001
CLPE2A002;SARTÈNE - PORTO-VECCHIO;2A;CORSE-DU-SUD;94;CORSE;0.3218606128;0.2486267662;0.2975272428;0.2058088879;0.02433337;0.0428178782;CLPE2B002;CLPE2A001;CLPE65001;CLPE2B001;CLPE73001;CLPE2B003;CLPE83002;CLPE73003;CLPE64003;CLPE24004
CLPE2B001;BASTIA;2B;HAUTE-CORSE;94;CORSE;0.2508543302;0.1786412231;0.2495066443;0.1726131936;0.0013476859;0.0060280295;CLPE2A001;CLPE2B003;CLPE83002;CLPE83003;CLPE83001;CLPE17002;CLPE06001;CLPE48001;CLPE64003;CLPE81001
CLPE2B002;CENTRE CORSE - BALAGNE;2B;HAUTE-CORSE;94;CORSE;0.310346274;0.2378195851;0.266777329;0.1893653481;0.043568945;0.048454237;CLPE2A001;CLPE2B001;CLPE83002;CLPE2B003;CLPE2A002;CLPE65001;CLPE24004;CLPE64003;CLPE06001;CLPE17004
CLPE2B003;PLAINE ORIENTALE;2B;HAUTE-CORSE;94;CORSE;0.2433327557;0.1739934146;0.2470360112;0.1693642828;-0.003703256;0.0046291318;CLPE2B001;CLPE83002;CLPE2A001;CLPE83001;CLPE24004;CLPE66001;CLPE30002;CLPE84001;CLPE83003;CLPE84003
CLPE30001;GARD CENTRE-SUD;30;GARD;76;OCCITANIE;0.2223324856;0.1484690092;0.223065256;0.1476621859;-0.00073277;0.0008068233;CLPE11003;CLPE30002;CLPE84004;CLPE66002;CLPE82002;CLPE13003;CLPE26001;CLPE24003;CLPE42001;CLPE18001
CLPE30002;GARD NORD-EST;30;GARD;76;OCCITANIE;0.2237935507;0.1493358379;0.245881504;0.163115584;-0.022087953;-0.013779746;CLPE26002;CLPE84004;CLPE30001;CLPE24003;CLPE84003;CLPE34002;CLPE83001;CLPE84001;CLPE82002;CLPE26001
CLPE30003;GARD NORD-OUEST;30;GARD;76;OCCITANIE;0.177511435;0.113733869;0.1907608902;0.1254522149;-0.013249455;-0.011718346;CLPE08001;CLPE54002;CLPE03001;CLPE02002;CLPE18003;CLPE59001;CLPE66002;CLPE11002;CLPE57001;CLPE34001
CLPE31001;MURET;31;HAUTE-GARONNE;76;OCCITANIE;0.2208308674;0.149447147;0.2541600927;0.1723263005;-0.033329225;-0.022879154;CLPE38003;CLPE31002;CLPE83001;CLPE33005;CLPE38004;CLPE64002;CLPE01002;CLPE22002;CLPE67003;CLPE73002
CLPE31002;NORD HAUTE-GARONNE;31;HAUTE-GARONNE;76;OCCITANIE;0.2452426525;0.1666525128;0.2628100577;0.1793591532;-0.017567405;-0.01270664;CLPE31001;CLPE69D04;CLPE33002;CLPE73002;CLPE69D02;CLPE69D03;CLPE38003;CLPE01002;CLPE67004;CLPE01001
CLPE31003;SAINT-GAUDENS;31;HAUTE-GARONNE;76;OCCITANIE;0.2023594474;0.1308292378;0.2163349088;0.1418037104;-0.013975461;-0.010974473;CLPE23001;CLPE81003;CLPE11003;CLPE11001;CLPE07003;CLPE81001;CLPE24003;CLPE03003;CLPE63002;CLPE46001
CLPE31004;TOULOUSE MÉTROPOLE;31;HAUTE-GARONNE;76;OCCITANIE;0.2278488451;0.1510583149;0.2418001041;0.1601844534;-0.013951259;-0.009126139;CLPE33003;CLPE63001;CLPE21003;CLPE44001;CLPE34003;CLPE38002;CLPE13001;CLPE14002;CLPE37004;CLPE35002
CLPE32001;CONDOM;32;GERS;76;OCCITANIE;0.2466118752;0.1620261657;0.2428524317;0.1590102392;0.0037594436;0.0030159265;CLPE24001;CLPE24002;CLPE32002;CLPE16004;CLPE86002;CLPE64001;CLPE22003;CLPE19002;CLPE43001;CLPE17001
CLPE32002;L'ISLE JOURDAIN - AUCH;32;GERS;76;OCCITANIE;0.233822893;0.1516494716;0.2476584069;0.1633184566;-0.013835514;-0.011668985;CLPE19002;CLPE86002;CLPE12003;CLPE40001;CLPE19001;CLPE64001;CLPE87003;CLPE15001;CLPE24001;CLPE46002
CLPE33001;BASSIN D'ARCACHON ET DU VAL DE L'EYRE;33;GIRONDE;75;NOUVELLE-AQUITAINE;0.2727780197;0.1858863077;0.277966173;0.1900880684;-0.005188153;-0.004201761;CLPE17002;CLPE64003;CLPE56001;CLPE85003;CLPE40003;CLPE35003;CLPE17003;CLPE29003;CLPE40002;CLPE24004
CLPE33002;BORDEAUX HORS MÉTROPOLE;33;GIRONDE;75;NOUVELLE-AQUITAINE;0.2598737771;0.1769340492;0.2712554124;0.1858418506;-0.011381635;-0.008907801;CLPE69D04;CLPE69D03;CLPE01001;CLPE69D02;CLPE31002;CLPE69D01;CLPE74001;CLPE73002;CLPE67002;CLPE22001
CLPE33003;BORDEAUX MÉTROPOLE;33;GIRONDE;75;NOUVELLE-AQUITAINE;0.2458285772;0.1610460784;0.2397248101;0.159179934;0.0061037671;0.0018661444;CLPE31004;CLPE44001;CLPE63001;CLPE21003;CLPE13001;CLPE14002;CLPE37004;CLPE34003;CLPE35002;CLPE38002
CLPE33004;GRAND LIBOURNAIS;33;GIRONDE;75;NOUVELLE-AQUITAINE;0.2411352494;0.1513826643;0.2499085543;0.1646325829;-0.008773305;-0.013249919;CLPE33007;CLPE84003;CLPE82002;CLPE24001;CLPE84004;CLPE47001;CLPE26002;CLPE17006;CLPE24003;CLPE40001
CLPE33005;HAUTE GIRONDE;33;GIRONDE;75;NOUVELLE-AQUITAINE;0.2463952059;0.1646356648;0.2487860781;0.1638240392;-0.002390872;0.0008116256;CLPE27001;CLPE31001;CLPE63003;CLPE17006;CLPE33007;CLPE76003;CLPE84003;CLPE40001;CLPE83001;CLPE63004
CLPE33006;MÉDOC;33;GIRONDE;75;NOUVELLE-AQUITAINE;0.2769952376;0.1819345928;0.2753669457;0.1871164073;0.0016282919;-0.005181815;CLPE29004;CLPE22001;CLPE22003;CLPE14001;CLPE56001;CLPE40002;CLPE40003;CLPE26003;CLPE63004;CLPE29003
CLPE33007;SUD GIRONDE;33;GIRONDE;75;NOUVELLE-AQUITAINE;0.2566435155;0.1618292231;0.255752432;0.1676914858;0.0008910834;-0.005862263;CLPE47002;CLPE17001;CLPE33004;CLPE22003;CLPE33005;CLPE40001;CLPE47001;CLPE37002;CLPE49003;CLPE84003
CLPE34001;BÉZIERS;34;HÉRAULT;76;OCCITANIE;0.214815271;0.1413405466;0.2155942772;0.1414355043;-0.000779006;-0.000094958;CLPE11003;CLPE11001;CLPE66002;CLPE66001;CLPE30001;CLPE31003;CLPE09003;CLPE84004;CLPE81003;CLPE81001
CLPE34002;LODÈVE;34;HÉRAULT;76;OCCITANIE;0.2326139211;0.1492381496;0.2344174585;0.1554323078;-0.001803537;-0.006194158;CLPE30002;CLPE84004;CLPE30001;CLPE82002;CLPE24003;CLPE26002;CLPE11003;CLPE81002;CLPE03003;CLPE26001
CLPE34003;MONTPELLIER;34;HÉRAULT;76;OCCITANIE;0.2290090886;0.1502378355;0.2345469325;0.1547315468;-0.005537844;-0.004493711;CLPE38002;CLPE13001;CLPE51003;CLPE63001;CLPE21003;CLPE06002;CLPE14002;CLPE37004;CLPE67005;CLPE31004
CLPE35001;REDON;35;ILLE-ET-VILAINE;52;PAYS DE LA LOIRE;0.2641898463;0.1763859171;0.2778559628;0.1881746269;-0.013666116;-0.01178871;CLPE01004;CLPE22001;CLPE35004;CLPE56002;CLPE42002;CLPE01002;CLPE37002;CLPE44003;CLPE37001;CLPE26003
CLPE35001;REDON;35;ILLE-ET-VILAINE;53;BRETAGNE;0.2861603869;0.191943577;0.2778559628;0.1881746269;0.0083044241;0.0037689501;CLPE01004;CLPE22001;CLPE35004;CLPE56002;CLPE42002;CLPE01002;CLPE37002;CLPE44003;CLPE37001;CLPE26003
CLPE35002;RENNES;35;ILLE-ET-VILAINE;53;BRETAGNE;0.2636301499;0.1764560373;0.258788735;0.1722542166;0.004841415;0.0042018208;CLPE44001;CLPE45003;CLPE33003;CLPE37004;CLPE73002;CLPE74001;CLPE49001;CLPE31004;CLPE31002;CLPE01002
CLPE35003;SAINT-MALO;35;ILLE-ET-VILAINE;53;BRETAGNE;0.2885599274;0.1967346261;0.2791236432;0.1891686808;0.0094362843;0.0075659453;CLPE56001;CLPE22001;CLPE44003;CLPE29003;CLPE17002;CLPE40003;CLPE39002;CLPE21001;CLPE22003;CLPE29004
CLPE35004;VITRÉ - FOUGÈRES;35;ILLE-ET-VILAINE;53;BRETAGNE;0.2900763851;0.2012528709;0.2831676612;0.1925656976;0.0069087239;0.0086871733;CLPE49002;CLPE35001;CLPE42002;CLPE67002;CLPE53002;CLPE44003;CLPE53003;CLPE01004;CLPE22001;CLPE44002
CLPE36001;CHÂTEAUROUX;36;INDRE;24;CENTRE-VAL DE LOIRE;0.2242790446;0.1456643038;0.2140237254;0.1420169372;0.0102553192;0.0036473666;CLPE03002;CLPE88001;CLPE65003;CLPE18001;CLPE71001;CLPE81003;CLPE58004;CLPE52003;CLPE10003;CLPE57003
CLPE36002;ISSOUDUN;36;INDRE;24;CENTRE-VAL DE LOIRE;0.2200361432;0.1493820683;0.2136086783;0.1409512443;0.0064274648;0.008430824;CLPE70002;CLPE55002;CLPE81003;CLPE63002;CLPE36001;CLPE18002;CLPE58003;CLPE03002;CLPE88002;CLPE71001
CLPE36003;LA CHÂTRE;36;INDRE;24;CENTRE-VAL DE LOIRE;0.2221307796;0.1416280114;0.2214376262;0.1443050736;0.0006931534;-0.002677062;CLPE21004;CLPE17005;CLPE29002;CLPE23001;CLPE58003;CLPE16003;CLPE61002;CLPE03003;CLPE47003;CLPE24002
CLPE36004;LE BLANC;36;INDRE;24;CENTRE-VAL DE LOIRE;0.2007221458;0.1299862448;0.2254198544;0.1471716469;-0.024697709;-0.017185402;CLPE36003;CLPE03003;CLPE47003;CLPE23001;CLPE29002;CLPE17005;CLPE89001;CLPE21004;CLPE28001;CLPE58001
CLPE37001;AMBOISE;37;INDRE-ET-LOIRE;24;CENTRE-VAL DE LOIRE;0.2614090741;0.1773810402;0.2726302146;0.1836033712;-0.01122114;-0.006222331;CLPE26003;CLPE29004;CLPE29003;CLPE37002;CLPE22003;CLPE22001;CLPE44003;CLPE42002;CLPE40001;CLPE79002
CLPE37002;CHINON;37;INDRE-ET-LOIRE;24;CENTRE-VAL DE LOIRE;0.2631429598;0.1724428217;0.2692995034;0.1799248615;-0.006156544;-0.00748204;CLPE26003;CLPE29004;CLPE37001;CLPE49003;CLPE16002;CLPE41002;CLPE35001;CLPE22003;CLPE21001;CLPE42002
CLPE37003;LOCHES;37;INDRE-ET-LOIRE;24;CENTRE-VAL DE LOIRE;0.2230554143;0.1436378822;0.2366986281;0.1574237904;-0.013643214;-0.013785908;CLPE71003;CLPE16003;CLPE24001;CLPE61002;CLPE63004;CLPE86002;CLPE17005;CLPE63003;CLPE19001;CLPE41003
CLPE37004;TOURS;37;INDRE-ET-LOIRE;24;CENTRE-VAL DE LOIRE;0.2395984815;0.1573338759;0.2399918566;0.1590060246;-0.000393375;-0.001672149;CLPE14002;CLPE45003;CLPE21003;CLPE49001;CLPE63001;CLPE44001;CLPE25001;CLPE72001;CLPE28002;CLPE76004
CLPE38001;ALPES SUD ISÈRE ET VERCORS;38;ISÈRE;84;AUVERGNE-RHÔNE-ALPES;0.3414654266;0.2136685158;0.2901880176;0.189712774;0.051277409;0.0239557418;CLPE05001;CLPE74002;CLPE64003;CLPE24004;CLPE56001;CLPE35003;CLPE65002;CLPE74004;CLPE85003;CLPE40003
CLPE38002;GRENOBLE CENTRE;38;ISÈRE;84;AUVERGNE-RHÔNE-ALPES;0.2447670991;0.1601448134;0.2321251413;0.1534554151;0.0126419578;0.0066893982;CLPE34003;CLPE69M02;CLPE13001;CLPE21003;CLPE51003;CLPE63001;CLPE37004;CLPE14002;CLPE28002;CLPE25001
CLPE38003;LA TOUR DU PIN;38;ISÈRE;84;AUVERGNE-RHÔNE-ALPES;0.2587381464;0.1770500005;0.2551049566;0.1730848926;0.0036331897;0.0039651079;CLPE01002;CLPE01004;CLPE67004;CLPE31001;CLPE67003;CLPE27003;CLPE38004;CLPE22002;CLPE67001;CLPE45003
CLPE38004;VIENNE;38;ISÈRE;84;AUVERGNE-RHÔNE-ALPES;0.2517657711;0.1712105696;0.2531369556;0.1706027452;-0.001371185;0.0006078244;CLPE38003;CLPE31001;CLPE67003;CLPE33005;CLPE67004;CLPE22002;CLPE42003;CLPE19001;CLPE26002;CLPE68005
CLPE39001;DOLE;39;JURA;27;BOURGOGNE-FRANCHE-COMTÉ;0.2371617535;0.1587986237;0.2526616452;0.1700288667;-0.015499892;-0.011230243;CLPE71002;CLPE86001;CLPE01002;CLPE39002;CLPE56002;CLPE64002;CLPE42003;CLPE71004;CLPE41002;CLPE41001
CLPE39002;LONS-LE-SAUNIER;39;JURA;27;BOURGOGNE-FRANCHE-COMTÉ;0.2716956759;0.1809819708;0.2611904638;0.1757248179;0.0105052121;0.005257153;CLPE50001;CLPE40001;CLPE39001;CLPE71005;CLPE12002;CLPE64002;CLPE29003;CLPE42002;CLPE35003;CLPE50003
CLPE39003;SAINT-CLAUDE;39;JURA;27;BOURGOGNE-FRANCHE-COMTÉ;0.272600115;0.1709522897;0.2534781821;0.1691244471;0.0191219329;0.0018278426;CLPE25003;CLPE07001;CLPE56002;CLPE86001;CLPE70001;CLPE39001;CLPE71002;CLPE70003;CLPE26002;CLPE41001
CLPE40001;EST LANDES;40;LANDES;75;NOUVELLE-AQUITAINE;0.2577414778;0.1715447651;0.2547066485;0.1705097772;0.0030348293;0.0010349879;CLPE19001;CLPE64002;CLPE47001;CLPE17006;CLPE29003;CLPE22003;CLPE50003;CLPE41001;CLPE79002;CLPE22002
CLPE40002;NORD-OUEST LANDES;40;LANDES;75;NOUVELLE-AQUITAINE;0.2842851841;0.1955383283;0.2756453281;0.1876476907;0.008639856;0.0078906376;CLPE40003;CLPE85003;CLPE17003;CLPE33006;CLPE24004;CLPE17002;CLPE29003;CLPE85004;CLPE56001;CLPE33001
CLPE40003;SUD-OUEST LANDES;40;LANDES;75;NOUVELLE-AQUITAINE;0.2831822545;0.1933155593;0.2769532223;0.1880674896;0.0062290321;0.0052480697;CLPE29003;CLPE17002;CLPE56001;CLPE17003;CLPE35003;CLPE40002;CLPE17006;CLPE56003;CLPE44003;CLPE64003
CLPE41001;BLOIS;41;LOIR-ET-CHER;24;CENTRE-VAL DE LOIRE;0.2442478288;0.1627524386;0.259653491;0.1732406478;-0.015405662;-0.010488209;CLPE01002;CLPE64002;CLPE71002;CLPE22002;CLPE45003;CLPE40001;CLPE71005;CLPE47001;CLPE79002;CLPE49001
CLPE41002;ROMORANTIN-LANTHENAY;41;LOIR-ET-CHER;24;CENTRE-VAL DE LOIRE;0.2228447299;0.1504098393;0.2530214758;0.1678926632;-0.030176746;-0.017482824;CLPE71004;CLPE27001;CLPE56002;CLPE14004;CLPE37002;CLPE41003;CLPE86001;CLPE26003;CLPE39001;CLPE72002
CLPE41003;VENDÔME;41;LOIR-ET-CHER;24;CENTRE-VAL DE LOIRE;0.2347494088;0.1549277716;0.237194466;0.1569404291;-0.002445057;-0.002012658;CLPE61002;CLPE28001;CLPE61001;CLPE42003;CLPE71004;CLPE41002;CLPE14004;CLPE27001;CLPE39001;CLPE89001
CLPE42001;LOIRE SUD;42;LOIRE;84;AUVERGNE-RHÔNE-ALPES;0.2134652647;0.1381576733;0.2199925416;0.147418855;-0.006527277;-0.009261182;CLPE76004;CLPE60003;CLPE13003;CLPE26001;CLPE27002;CLPE28002;CLPE25001;CLPE76002;CLPE90001;CLPE60001
CLPE42002;MONTBRISON;42;LOIRE;84;AUVERGNE-RHÔNE-ALPES;0.2663570467;0.1833172403;0.281275123;0.1911891407;-0.014918076;-0.0078719;CLPE67002;CLPE44003;CLPE22001;CLPE35004;CLPE35001;CLPE43003;CLPE37001;CLPE85004;CLPE53002;CLPE44002
CLPE42003;ROANNE;42;LOIRE;84;AUVERGNE-RHÔNE-ALPES;0.2411360592;0.1633054357;0.2465467214;0.1646943667;-0.005410662;-0.001388931;CLPE43002;CLPE71002;CLPE61001;CLPE68005;CLPE26002;CLPE63003;CLPE26001;CLPE14004;CLPE76001;CLPE24003
CLPE43001;BRIOUDE;43;HAUTE-LOIRE;84;AUVERGNE-RHÔNE-ALPES;0.2508793732;0.16780757;0.2456740076;0.1631830149;0.0052053656;0.0046245551;CLPE64001;CLPE86002;CLPE70001;CLPE71003;CLPE63004;CLPE12003;CLPE16004;CLPE79003;CLPE32002;CLPE87003
CLPE43002;LE PUY-EN-VELAY;43;HAUTE-LOIRE;84;AUVERGNE-RHÔNE-ALPES;0.2576839767;0.1754956956;0.2419383148;0.1616365519;0.0157456619;0.0138591437;CLPE42003;CLPE26002;CLPE24003;CLPE26001;CLPE71003;CLPE39001;CLPE63003;CLPE41003;CLPE89001;CLPE63004
CLPE43003;YSSINGEAUX;43;HAUTE-LOIRE;84;AUVERGNE-RHÔNE-ALPES;0.2926363983;0.2009802483;0.2781682033;0.1878348134;0.014468195;0.0131454349;CLPE42002;CLPE85004;CLPE44002;CLPE37001;CLPE79003;CLPE26003;CLPE79001;CLPE72003;CLPE29003;CLPE85001
CLPE44001;LOIRE-ATLANTIQUE CENTRE;44;LOIRE-ATLANTIQUE;52;PAYS DE LA LOIRE;0.2576841855;0.1727292435;0.2455406331;0.1621282349;0.0121435524;0.0106010087;CLPE35002;CLPE33003;CLPE37004;CLPE21003;CLPE45003;CLPE31004;CLPE49001;CLPE63001;CLPE14002;CLPE38002
CLPE44002;LOIRE-ATLANTIQUE NORD;44;LOIRE-ATLANTIQUE;52;PAYS DE LA LOIRE;0.2974409348;0.2032489396;0.2942839971;0.2018491017;0.0031569377;0.0013998379;CLPE44004;CLPE49004;CLPE85001;CLPE42002;CLPE53003;CLPE43003;CLPE35004;CLPE85004;CLPE44003;CLPE49002
CLPE44003;LOIRE-ATLANTIQUE OUEST;44;LOIRE-ATLANTIQUE;52;PAYS DE LA LOIRE;0.2812547603;0.1925701046;0.2783603772;0.1895566253;0.002894383;0.0030134793;CLPE22001;CLPE56001;CLPE35003;CLPE42002;CLPE29003;CLPE37001;CLPE85004;CLPE35004;CLPE67002;CLPE35001
CLPE44003;LOIRE-ATLANTIQUE OUEST;44;LOIRE-ATLANTIQUE;53;BRETAGNE;0.303138143;0.2041410547;0.2783603772;0.1895566253;0.0247777658;0.0145844294;CLPE22001;CLPE56001;CLPE35003;CLPE42002;CLPE29003;CLPE37001;CLPE85004;CLPE35004;CLPE67002;CLPE35001
CLPE44004;LOIRE-ATLANTIQUE SUD;44;LOIRE-ATLANTIQUE;52;PAYS DE LA LOIRE;0.3258385752;0.226528478;0.2960584744;0.2032509091;0.0297801008;0.0232775689;CLPE44002;CLPE53003;CLPE49002;CLPE85002;CLPE35004;CLPE49004;CLPE42002;CLPE85001;CLPE44003;CLPE85004
CLPE45001;GIEN;45;LOIRET;24;CENTRE-VAL DE LOIRE;0.2308248249;0.15489941;0.2407223018;0.1594304549;-0.009897477;-0.004531045;CLPE61001;CLPE27003;CLPE76001;CLPE27001;CLPE28001;CLPE14004;CLPE42003;CLPE71002;CLPE45004;CLPE89001
CLPE45002;MONTARGIS;45;LOIRET;24;CENTRE-VAL DE LOIRE;0.2060173795;0.134536665;0.2175134052;0.1448456376;-0.011496026;-0.010308973;CLPE71001;CLPE90001;CLPE02004;CLPE28003;CLPE03003;CLPE89003;CLPE89001;CLPE60001;CLPE10003;CLPE18003
CLPE45003;ORLÉANS;45;LOIRET;24;CENTRE-VAL DE LOIRE;0.2555749917;0.1703853111;0.2533676747;0.1691240452;0.002207317;0.0012612659;CLPE37004;CLPE01002;CLPE41001;CLPE38003;CLPE14002;CLPE44001;CLPE49001;CLPE28002;CLPE71002;CLPE21003
CLPE45004;PITHIVIERS;45;LOIRET;24;CENTRE-VAL DE LOIRE;0.2536479808;0.1688013568;0.2425086748;0.1604940754;0.011139306;0.0083072815;CLPE14004;CLPE27001;CLPE07001;CLPE76001;CLPE45001;CLPE71002;CLPE51005;CLPE89003;CLPE27003;CLPE28001
CLPE46001;CAHORS;46;LOT;76;OCCITANIE;0.2162975974;0.1409154591;0.2172272028;0.1417285542;-0.000929605;-0.000813095;CLPE09003;CLPE07003;CLPE81001;CLPE65003;CLPE89002;CLPE31003;CLPE81003;CLPE11001;CLPE24001;CLPE23001
CLPE46002;FIGEAC;46;LOT;76;OCCITANIE;0.2435895158;0.1623456242;0.2392375473;0.1575274175;0.0043519684;0.0048182066;CLPE12003;CLPE19002;CLPE32002;CLPE24001;CLPE87004;CLPE71003;CLPE81002;CLPE86002;CLPE07003;CLPE64001
CLPE46003;SOUILLAC;46;LOT;76;OCCITANIE;0.2483576989;0.1691854946;0.2516796784;0.1676177137;-0.00332198;0.0015677809;CLPE24002;CLPE07002;CLPE04001;CLPE24001;CLPE24004;CLPE64001;CLPE50003;CLPE63004;CLPE22003;CLPE12001
CLPE47001;AGEN;47;LOT-ET-GARONNE;75;NOUVELLE-AQUITAINE;0.2516867879;0.1660955634;0.259016981;0.1729223316;-0.007330193;-0.006826768;CLPE40001;CLPE19001;CLPE17006;CLPE79002;CLPE41001;CLPE84003;CLPE29003;CLPE50001;CLPE22003;CLPE56003
CLPE47002;MARMANDE;47;LOT-ET-GARONNE;75;NOUVELLE-AQUITAINE;0.2352629384;0.1559382712;0.262491838;0.1716257608;-0.0272289;-0.01568749;CLPE33007;CLPE49003;CLPE17001;CLPE16002;CLPE16004;CLPE47001;CLPE22003;CLPE37002;CLPE79003;CLPE29004
CLPE47003;VILLENEUVE-SUR-LOT;47;LOT-ET-GARONNE;75;NOUVELLE-AQUITAINE;0.2352363488;0.1520059538;0.2322073496;0.153146464;0.0030289993;-0.00114051;CLPE29002;CLPE89001;CLPE28001;CLPE61001;CLPE02001;CLPE03003;CLPE24003;CLPE24001;CLPE61002;CLPE84004
CLPE48001;NORD LOZÈRE;48;LOZÈRE;76;OCCITANIE;0.2693796853;0.1839937392;0.2556020832;0.1704270899;0.0137776021;0.0135666493;CLPE32002;CLPE15001;CLPE15003;CLPE19002;CLPE17003;CLPE12003;CLPE65002;CLPE52002;CLPE24004;CLPE17002
CLPE48002;SUD LOZÈRE;48;LOZÈRE;76;OCCITANIE;0.2465512754;0.1596824571;0.2738635596;0.1813604037;-0.027312284;-0.021677947;CLPE24004;CLPE15003;CLPE48001;CLPE65002;CLPE07002;CLPE46003;CLPE15002;CLPE38001;CLPE05001;CLPE04001
CLPE49001;ANGERS;49;MAINE-ET-LOIRE;52;PAYS DE LA LOIRE;0.2708745506;0.1767358543;0.2522819713;0.1696015572;0.0185925792;0.007134297;CLPE14002;CLPE37004;CLPE29001;CLPE22002;CLPE41001;CLPE45003;CLPE44001;CLPE50002;CLPE72001;CLPE73002
CLPE49002;CHOLET;49;MAINE-ET-LOIRE;52;PAYS DE LA LOIRE;0.3043790628;0.2103950295;0.2884150663;0.1972755039;0.0159639965;0.0131195256;CLPE35004;CLPE44004;CLPE53003;CLPE44003;CLPE42002;CLPE44002;CLPE67002;CLPE85004;CLPE79001;CLPE53002
CLPE49003;SAUMUR;49;MAINE-ET-LOIRE;52;PAYS DE LA LOIRE;0.2845762878;0.1826984166;0.2651198215;0.1752007857;0.0194564662;0.0074976309;CLPE16002;CLPE47002;CLPE26003;CLPE37002;CLPE29004;CLPE72003;CLPE79003;CLPE47001;CLPE33007;CLPE37001
CLPE49004;SEGRÉ;49;MAINE-ET-LOIRE;52;PAYS DE LA LOIRE;0.2952757196;0.1991836601;0.2854797426;0.1928385786;0.009795977;0.0063450815;CLPE44002;CLPE79001;CLPE85004;CLPE53003;CLPE35004;CLPE42002;CLPE37002;CLPE49003;CLPE16002;CLPE44004
CLPE50001;CENTRE MANCHE;50;MANCHE;28;NORMANDIE;0.2569665683;0.1726785691;0.2621311791;0.1749443205;-0.005164611;-0.002265751;CLPE39002;CLPE79002;CLPE71005;CLPE40001;CLPE47001;CLPE41001;CLPE85004;CLPE79001;CLPE19001;CLPE50003
CLPE50002;COTENTIN;50;MANCHE;28;NORMANDIE;0.2561992765;0.1778344236;0.2608515634;0.1742589601;-0.004652287;0.0035754634;CLPE71002;CLPE41001;CLPE68002;CLPE01002;CLPE67004;CLPE22002;CLPE49001;CLPE38003;CLPE68005;CLPE42003
CLPE50003;SUD MANCHE;50;MANCHE;28;NORMANDIE;0.2508591577;0.1679634616;0.2651378929;0.1796041847;-0.014278735;-0.011640723;CLPE40001;CLPE22003;CLPE22001;CLPE14001;CLPE22002;CLPE19001;CLPE14003;CLPE29003;CLPE12002;CLPE56002
CLPE51001;CHÂLONS-EN-CHAMPAGNE;51;MARNE;44;GRAND EST;0.2330865416;0.1495804541;0.2217532547;0.147971552;0.0113332869;0.0016089021;CLPE18001;CLPE62001;CLPE82002;CLPE16001;CLPE57003;CLPE58004;CLPE60003;CLPE72001;CLPE52003;CLPE62007
CLPE51002;EPERNAY;51;MARNE;44;GRAND EST;0.2920174165;0.1823899371;0.2814088956;0.1873173592;0.010608521;-0.004927422;CLPE16002;CLPE21001;CLPE37002;CLPE49003;CLPE53003;CLPE26003;CLPE29004;CLPE49004;CLPE49002;CLPE51004
CLPE51003;REIMS;51;MARNE;44;GRAND EST;0.2280628911;0.1467922056;0.2260823857;0.1494405665;0.0019805054;-0.002648361;CLPE76004;CLPE38002;CLPE34003;CLPE69M02;CLPE42001;CLPE67005;CLPE21003;CLPE28002;CLPE60004;CLPE37004
CLPE51004;SÉZANNE;51;MARNE;44;GRAND EST;0.2557230877;0.1635024796;0.2561380771;0.1675074591;-0.000414989;-0.004004979;CLPE17001;CLPE10001;CLPE71004;CLPE37002;CLPE33007;CLPE26003;CLPE41002;CLPE61002;CLPE29002;CLPE56002
CLPE51005;VITRY-LE-FRANÇOIS;51;MARNE;44;GRAND EST;0.2218266466;0.1474149567;0.2238402205;0.1508210425;-0.002013574;-0.003406086;CLPE70002;CLPE80001;CLPE52003;CLPE80004;CLPE57003;CLPE80003;CLPE71001;CLPE51001;CLPE88002;CLPE62007
CLPE52001;CHAUMONT;52;HAUTE-MARNE;44;GRAND EST;0.2258692967;0.1499069387;0.218864333;0.1446215827;0.0070049637;0.005285356;CLPE65003;CLPE36001;CLPE03002;CLPE57003;CLPE19003;CLPE09003;CLPE55001;CLPE28004;CLPE89002;CLPE88001
CLPE52002;LANGRES;52;HAUTE-MARNE;44;GRAND EST;0.2498429813;0.1724850832;0.2464050389;0.1630397494;0.0034379424;0.0094453339;CLPE79003;CLPE15001;CLPE32002;CLPE86002;CLPE87003;CLPE70001;CLPE19002;CLPE71003;CLPE19001;CLPE19003
CLPE52003;SAINT-DIZIER;52;HAUTE-MARNE;44;GRAND EST;0.200080501;0.1322939234;0.2189979488;0.1461886583;-0.018917448;-0.013894735;CLPE51005;CLPE71001;CLPE80001;CLPE70002;CLPE51001;CLPE18001;CLPE36001;CLPE62003;CLPE88001;CLPE57003
CLPE53001;MAYENNE CENTRE;53;MAYENNE;52;PAYS DE LA LOIRE;0.2819681605;0.1942696152;0.2698968973;0.1824594775;0.0120712632;0.0118101377;CLPE85001;CLPE86003;CLPE17002;CLPE29001;CLPE35004;CLPE79002;CLPE50001;CLPE73002;CLPE56003;CLPE44003
CLPE53002;MAYENNE NORD;53;MAYENNE;52;PAYS DE LA LOIRE;0.2580183147;0.1732790509;0.2695958247;0.1835048273;-0.01157751;-0.010225776;CLPE35004;CLPE42002;CLPE56002;CLPE72002;CLPE37002;CLPE50001;CLPE53003;CLPE76003;CLPE35001;CLPE22001
CLPE53003;MAYENNE SUD;53;MAYENNE;52;PAYS DE LA LOIRE;0.2987511135;0.2059481176;0.288205688;0.1966172401;0.0105454255;0.0093308775;CLPE44004;CLPE35004;CLPE44002;CLPE49002;CLPE53002;CLPE42002;CLPE85004;CLPE79001;CLPE49004;CLPE21001
CLPE54001;BRIEY - LONGWY;54;MEURTHE-ET-MOSELLE;44;GRAND EST;0.1827528144;0.1133873736;0.2004056571;0.1314301398;-0.017652843;-0.018042766;CLPE57001;CLPE57005;CLPE54002;CLPE02002;CLPE10002;CLPE59001;CLPE62004;CLPE18003;CLPE02004;CLPE55002
CLPE54002;LUNÉVILLE;54;MEURTHE-ET-MOSELLE;44;GRAND EST;0.1960025722;0.1321090859;0.1955733488;0.1277586036;0.0004292234;0.0043504824;CLPE02002;CLPE57001;CLPE59001;CLPE02004;CLPE54001;CLPE55002;CLPE03001;CLPE88004;CLPE57005;CLPE62004
CLPE54003;NANCY - PONT-À-MOUSSON;54;MEURTHE-ET-MOSELLE;44;GRAND EST;0.198044383;0.1322271055;0.2136460808;0.1403133687;-0.015601698;-0.008086263;CLPE57002;CLPE76004;CLPE80002;CLPE59004;CLPE90001;CLPE42001;CLPE68003;CLPE25001;CLPE84002;CLPE51003
CLPE54004;TOUL;54;MEURTHE-ET-MOSELLE;44;GRAND EST;0.2198712573;0.1489494322;0.221264376;0.1470961927;-0.001393119;0.0018532396;CLPE88001;CLPE57003;CLPE70002;CLPE81003;CLPE82002;CLPE18001;CLPE68005;CLPE58004;CLPE51001;CLPE24003
CLPE55001;NORD MEUSE;55;MEUSE;44;GRAND EST;0.1963060055;0.1338583534;0.2137912878;0.1411286407;-0.017485282;-0.007270287;CLPE55002;CLPE88001;CLPE09003;CLPE65003;CLPE03002;CLPE81003;CLPE52001;CLPE11001;CLPE36001;CLPE70002
CLPE55002;SUD MEUSE;55;MEUSE;44;GRAND EST;0.2070377516;0.1377666818;0.2043048123;0.1362415105;0.0027329393;0.0015251713;CLPE88001;CLPE70002;CLPE03002;CLPE81003;CLPE88004;CLPE88002;CLPE71001;CLPE02002;CLPE18002;CLPE55001
CLPE56001;AURAY - VANNES;56;MORBIHAN;53;BRETAGNE;0.2841387349;0.1955172631;0.2791399615;0.1897477883;0.0049987734;0.0057694748;CLPE35003;CLPE44003;CLPE22001;CLPE29003;CLPE17002;CLPE40003;CLPE85003;CLPE56003;CLPE64003;CLPE14003
CLPE56002;CENTRE BRETAGNE;56;MORBIHAN;53;BRETAGNE;0.2814435423;0.1900915785;0.2570093453;0.1720739633;0.024434197;0.0180176153;CLPE41002;CLPE35001;CLPE14004;CLPE86001;CLPE39001;CLPE01004;CLPE26003;CLPE40001;CLPE01002;CLPE53002
CLPE56003;LORIENT;56;MORBIHAN;53;BRETAGNE;0.2604397773;0.1721783107;0.257256525;0.1731241173;0.0031832522;-0.000945807;CLPE29003;CLPE22002;CLPE19001;CLPE29001;CLPE79002;CLPE64002;CLPE17002;CLPE40001;CLPE17006;CLPE41001
CLPE57001;FORBACH - BOULAY - MOSELLE;57;MOSELLE;44;GRAND EST;0.1885716829;0.1246164754;0.1928155748;0.1255958425;-0.004243892;-0.000979367;CLPE54001;CLPE59001;CLPE02002;CLPE54002;CLPE57005;CLPE08004;CLPE62004;CLPE02004;CLPE02003;CLPE08001
CLPE57002;METZ;57;MOSELLE;44;GRAND EST;0.2172316674;0.1438052084;0.2091944863;0.1376119665;0.0080371811;0.0061932419;CLPE54003;CLPE88001;CLPE10003;CLPE57005;CLPE90001;CLPE80002;CLPE68003;CLPE42001;CLPE76004;CLPE60003
CLPE57003;SARREBOURG - CHÂTEAU - SALINS;57;MOSELLE;44;GRAND EST;0.2332408335;0.1617076492;0.2236138358;0.1485791542;0.0096269977;0.0131284951;CLPE54004;CLPE51001;CLPE82002;CLPE70002;CLPE18001;CLPE70003;CLPE51005;CLPE24003;CLPE63003;CLPE88001
CLPE57004;SARREGUEMINES;57;MOSELLE;44;GRAND EST;0.1987863631;0.1341495333;0.2049399324;0.1361564308;-0.006153569;-0.002006898;CLPE88004;CLPE71001;CLPE02004;CLPE70002;CLPE55002;CLPE03001;CLPE90001;CLPE88001;CLPE45002;CLPE03003
CLPE57005;THIONVILLE;57;MOSELLE;44;GRAND EST;0.2097644489;0.1281328388;0.1971370521;0.1296964021;0.0126273968;-0.001563563;CLPE57002;CLPE54001;CLPE57001;CLPE90001;CLPE54002;CLPE88001;CLPE02004;CLPE68003;CLPE02002;CLPE03001
CLPE58001;CHÂTEAU-CHINON;58;NIÈVRE;27;BOURGOGNE-FRANCHE-COMTÉ;0.2098197161;0.1383028598;0.2243649936;0.1464951154;-0.014545277;-0.008192256;CLPE36003;CLPE21004;CLPE23001;CLPE12001;CLPE24002;CLPE31003;CLPE87001;CLPE58003;CLPE17005;CLPE46003
CLPE58002;CLAMECY;58;NIÈVRE;27;BOURGOGNE-FRANCHE-COMTÉ;0.1813000348;0.1167768883;0.2004536786;0.1315472772;-0.019153644;-0.014770389;CLPE18002;CLPE11002;CLPE23001;CLPE55002;CLPE18003;CLPE21004;CLPE03003;CLPE30003;CLPE54002;CLPE36002
CLPE58003;COSNE-COURS-SUR-LOIRE;58;NIÈVRE;27;BOURGOGNE-FRANCHE-COMTÉ;0.2117009095;0.1366474388;0.2216128699;0.1453972208;-0.00991196;-0.008749782;CLPE23001;CLPE61002;CLPE24003;CLPE21004;CLPE36003;CLPE71003;CLPE63002;CLPE03003;CLPE89001;CLPE71001
CLPE58004;NEVERS;58;NIÈVRE;27;BOURGOGNE-FRANCHE-COMTÉ;0.1996790886;0.1318347229;0.2236973135;0.1486494284;-0.024018225;-0.016814705;CLPE18001;CLPE61003;CLPE24003;CLPE16001;CLPE71001;CLPE76002;CLPE88001;CLPE89001;CLPE82002;CLPE60003
CLPE59001;CAMBRAI;59;NORD;32;HAUTS-DE-FRANCE;0.1962974057;0.1321559511;0.1915728176;0.1264013286;0.0047245881;0.0057546225;CLPE02002;CLPE02003;CLPE62004;CLPE57001;CLPE02004;CLPE59002;CLPE59006;CLPE54002;CLPE02005;CLPE08004
CLPE59002;DOUAI;59;NORD;32;HAUTS-DE-FRANCE;0.2084219042;0.1367394761;0.1919163648;0.1269975449;0.0165055394;0.0097419312;CLPE59006;CLPE59001;CLPE62005;CLPE62002;CLPE02003;CLPE62004;CLPE02002;CLPE57001;CLPE02004;CLPE08004
CLPE59003;DUNKERQUE;59;NORD;32;HAUTS-DE-FRANCE;0.2141006217;0.1436239775;0.214038765;0.1434132356;0.0000618567;0.0002107419;CLPE76002;CLPE62003;CLPE80002;CLPE62007;CLPE62002;CLPE72001;CLPE60003;CLPE76001;CLPE58004;CLPE60001
CLPE59004;LILLE METROPOLE;59;NORD;32;HAUTS-DE-FRANCE;0.2009813738;0.1327995787;0.214506956;0.1432855178;-0.013525582;-0.010485939;CLPE67005;CLPE54003;CLPE13004;CLPE51003;CLPE76004;CLPE95001;CLPE77004;CLPE60004;CLPE77005;CLPE68003
CLPE59005;SAMBRE - AVESNOIS;59;NORD;32;HAUTS-DE-FRANCE;0.1758637081;0.116873366;0.1870766542;0.1232423097;-0.011212946;-0.006368944;CLPE59006;CLPE08004;CLPE59001;CLPE08001;CLPE57001;CLPE59002;CLPE02003;CLPE62004;CLPE02002;CLPE02005
CLPE59006;VALENCIENNES;59;NORD;32;HAUTS-DE-FRANCE;0.1806032757;0.1193673017;0.1895561679;0.1250295755;-0.008952892;-0.005662274;CLPE59002;CLPE02003;CLPE59005;CLPE59001;CLPE08004;CLPE57001;CLPE08001;CLPE62004;CLPE02002;CLPE62005
CLPE60001;BEAUVAIS;60;OISE;32;HAUTS-DE-FRANCE;0.212232225;0.1430509922;0.2220436845;0.150163536;-0.00981146;-0.007112544;CLPE60003;CLPE27002;CLPE28003;CLPE28002;CLPE60004;CLPE13003;CLPE76004;CLPE76002;CLPE89003;CLPE27003
CLPE60002;CLERMONT;60;OISE;32;HAUTS-DE-FRANCE;0.229438857;0.1566008951;0.2345068804;0.1559855894;-0.005068023;0.0006153057;CLPE60001;CLPE27003;CLPE27001;CLPE38003;CLPE31001;CLPE60003;CLPE54004;CLPE68005;CLPE28002;CLPE42003
CLPE60003;COMPIEGNE;60;OISE;32;HAUTS-DE-FRANCE;0.2251840936;0.1527044985;0.2217720383;0.1479347411;0.0034120553;0.0047697574;CLPE60001;CLPE28002;CLPE13003;CLPE76002;CLPE27002;CLPE16001;CLPE76004;CLPE42001;CLPE72001;CLPE26001
CLPE60004;SENLIS;60;OISE;32;HAUTS-DE-FRANCE;0.2214783548;0.1510664853;0.2213478606;0.1494854987;0.0001304941;0.0015809866;CLPE60001;CLPE13003;CLPE27002;CLPE76004;CLPE28002;CLPE77004;CLPE69M02;CLPE28003;CLPE60003;CLPE77001
CLPE61001;ARGENTAN - FLERS;61;ORNE;28;NORMANDIE;0.2233946131;0.1507652843;0.2362443331;0.1549185616;-0.01284972;-0.004153277;CLPE76001;CLPE89001;CLPE14004;CLPE28001;CLPE45001;CLPE42003;CLPE02001;CLPE18001;CLPE41003;CLPE27001
CLPE61002;VIMOUTIERS - L'AIGLE - MORTAGNE;61;ORNE;28;NORMANDIE;0.2181071318;0.1446632307;0.230172899;0.1527229889;-0.012065767;-0.008059758;CLPE41003;CLPE28001;CLPE21004;CLPE61001;CLPE58003;CLPE16003;CLPE71004;CLPE37003;CLPE76003;CLPE17005
CLPE61003;PAYS D'ALENÇON ET D'ANDAINE;61;ORNE;28;NORMANDIE;0.2055979326;0.1371764412;0.2213886593;0.1464182682;-0.015790727;-0.009241827;CLPE18001;CLPE24003;CLPE58004;CLPE61001;CLPE81001;CLPE16001;CLPE25001;CLPE89001;CLPE70003;CLPE43002
CLPE61003;PAYS D'ALENÇON ET D'ANDAINE;61;ORNE;52;PAYS DE LA LOIRE;0.2824813094;0.1915538493;0.2213886593;0.1464182682;0.0610926501;0.045135581;CLPE18001;CLPE24003;CLPE58004;CLPE61001;CLPE81001;CLPE16001;CLPE25001;CLPE89001;CLPE70003;CLPE43002
CLPE62001;ARRAS;62;PAS-DE-CALAIS;32;HAUTS-DE-FRANCE;0.2346810139;0.1584200021;0.2327201835;0.1549319575;0.0019608304;0.0034880446;CLPE51001;CLPE79002;CLPE62006;CLPE57003;CLPE62007;CLPE24003;CLPE18001;CLPE40001;CLPE47001;CLPE82002
CLPE62002;BÉTHUNE;62;PAS-DE-CALAIS;32;HAUTS-DE-FRANCE;0.1989177899;0.1343241546;0.2061805959;0.136998056;-0.007262806;-0.002673901;CLPE62005;CLPE59003;CLPE62003;CLPE62007;CLPE59002;CLPE62004;CLPE02004;CLPE80002;CLPE59001;CLPE76002
CLPE62003;BOULOGNE;62;PAS-DE-CALAIS;32;HAUTS-DE-FRANCE;0.2055483159;0.1351694553;0.2104225197;0.1417625051;-0.004874204;-0.00659305;CLPE59003;CLPE80002;CLPE76002;CLPE62007;CLPE62002;CLPE52003;CLPE76001;CLPE80001;CLPE88001;CLPE58004
CLPE62004;CALAIS;62;PAS-DE-CALAIS;32;HAUTS-DE-FRANCE;0.1942428255;0.1304646641;0.1989727873;0.1311165678;-0.004729962;-0.000651904;CLPE59001;CLPE02002;CLPE57001;CLPE02003;CLPE62002;CLPE54002;CLPE59002;CLPE62003;CLPE02004;CLPE57005
CLPE62005;LENS;62;PAS-DE-CALAIS;32;HAUTS-DE-FRANCE;0.1926832642;0.1260496719;0.2018260647;0.1345293544;-0.0091428;-0.008479682;CLPE62002;CLPE59002;CLPE62003;CLPE62004;CLPE59003;CLPE62007;CLPE80002;CLPE59001;CLPE59006;CLPE02002
CLPE62006;MONTREUIL;62;PAS-DE-CALAIS;32;HAUTS-DE-FRANCE;0.2259935187;0.1542128603;0.2342364338;0.1566556953;-0.008242915;-0.002442835;CLPE24003;CLPE80001;CLPE62001;CLPE84003;CLPE57003;CLPE19001;CLPE82002;CLPE81001;CLPE24001;CLPE18001
CLPE62007;SAINT-OMER;62;PAS-DE-CALAIS;32;HAUTS-DE-FRANCE;0.2069788003;0.1393025016;0.2183500537;0.1465885901;-0.011371253;-0.007286088;CLPE59003;CLPE62003;CLPE80001;CLPE62002;CLPE51001;CLPE70002;CLPE80003;CLPE76002;CLPE62001;CLPE52003
CLPE63001;CLERMONT MÉTROPOLE;63;PUY-DE-DÔME;84;AUVERGNE-RHÔNE-ALPES;0.2261713824;0.1489173131;0.2311073514;0.1520084068;-0.004935969;-0.003091094;CLPE21003;CLPE14002;CLPE25001;CLPE37004;CLPE33003;CLPE31004;CLPE38002;CLPE34003;CLPE76004;CLPE87002
CLPE63002;LIVRADOIS FOREZ;63;PUY-DE-DÔME;84;AUVERGNE-RHÔNE-ALPES;0.2270902286;0.1467908289;0.2265401104;0.1500717865;0.0005501182;-0.003280958;CLPE81003;CLPE63003;CLPE70002;CLPE03003;CLPE71001;CLPE88002;CLPE81002;CLPE23001;CLPE82002;CLPE17005
CLPE63003;RIOM LIMAGNE COMBRAILLES;63;PUY-DE-DÔME;84;AUVERGNE-RHÔNE-ALPES;0.2525586443;0.1675515485;0.2459713165;0.1627963026;0.0065873278;0.004755246;CLPE42003;CLPE63004;CLPE63002;CLPE81002;CLPE82002;CLPE33005;CLPE27001;CLPE72002;CLPE71004;CLPE24003
CLPE63004;SANCY VAL D'ALLIER;63;PUY-DE-DÔME;84;AUVERGNE-RHÔNE-ALPES;0.2652310775;0.1789255769;0.2582888326;0.1722678857;0.006942245;0.0066576911;CLPE22003;CLPE63003;CLPE64001;CLPE17006;CLPE19001;CLPE40001;CLPE71004;CLPE33005;CLPE37003;CLPE29003
CLPE64001;OLORON-SAINTE-MARIE;64;PYRÉNÉES-ATLANTIQUES;75;NOUVELLE-AQUITAINE;0.2715222326;0.1794008858;0.2438040695;0.1610130892;0.0277181632;0.0183877966;CLPE63004;CLPE43001;CLPE32002;CLPE86002;CLPE22003;CLPE71003;CLPE24001;CLPE65002;CLPE46002;CLPE24002
CLPE64002;PAU;64;PYRÉNÉES-ATLANTIQUES;75;NOUVELLE-AQUITAINE;0.229814108;0.152859771;0.2629282411;0.1766908279;-0.033114133;-0.023831057;CLPE40001;CLPE73002;CLPE19001;CLPE41001;CLPE29003;CLPE56003;CLPE01002;CLPE22002;CLPE29001;CLPE79002
CLPE64003;PAYS BASQUE;64;PYRÉNÉES-ATLANTIQUES;75;NOUVELLE-AQUITAINE;0.2792011562;0.189744966;0.2765495329;0.1885821363;0.0026516233;0.0011628296;CLPE17002;CLPE56001;CLPE33001;CLPE35003;CLPE40003;CLPE12002;CLPE29003;CLPE74001;CLPE83002;CLPE73002
CLPE65001;ARGELÈS GAZOST;65;HAUTES-PYRÉNÉES;76;OCCITANIE;0.3062965763;0.2203621701;0.2697101133;0.1803461572;0.036586463;0.040016013;CLPE24004;CLPE48001;CLPE17003;CLPE65002;CLPE40002;CLPE83002;CLPE48002;CLPE40003;CLPE07002;CLPE05001
CLPE65002;BAGNÈRES DE BIGORRE;65;HAUTES-PYRÉNÉES;76;OCCITANIE;0.2689509593;0.1706245995;0.2605492185;0.1746814176;0.0084017409;-0.004056818;CLPE64001;CLPE04001;CLPE17003;CLPE32002;CLPE22003;CLPE43001;CLPE40003;CLPE29003;CLPE24004;CLPE07002
CLPE65003;TARBES;65;HAUTES-PYRÉNÉES;76;OCCITANIE;0.216001733;0.1445682554;0.2151176721;0.1407739079;0.0008840609;0.0037943476;CLPE81001;CLPE09003;CLPE11001;CLPE81003;CLPE03002;CLPE36001;CLPE88001;CLPE58004;CLPE82002;CLPE24003
CLPE66001;CÉRET;66;PYRÉNÉES-ORIENTALES;76;OCCITANIE;0.2305403495;0.1556196676;0.2301031278;0.1518466893;0.0004372217;0.0037729783;CLPE11003;CLPE07002;CLPE34001;CLPE84004;CLPE31003;CLPE30002;CLPE04001;CLPE66003;CLPE30001;CLPE24001
CLPE66002;PERPIGNAN;66;PYRÉNÉES-ORIENTALES;76;OCCITANIE;0.1909520246;0.1243608678;0.2144883329;0.1402383423;-0.023536308;-0.015877474;CLPE30001;CLPE34001;CLPE11003;CLPE84002;CLPE45002;CLPE68003;CLPE10003;CLPE11001;CLPE80002;CLPE42001
CLPE66003;PRADES;66;PYRÉNÉES-ORIENTALES;76;OCCITANIE;0.2408359089;0.151279379;0.2417478172;0.1595136161;-0.000911908;-0.008234237;CLPE07002;CLPE04001;CLPE66001;CLPE31003;CLPE65002;CLPE24001;CLPE11003;CLPE84003;CLPE07003;CLPE64001
CLPE67001;HAGUENAU - WISSEMBOURG;67;BAS-RHIN;44;GRAND EST;0.2371171029;0.1640709906;0.2536568477;0.170465686;-0.016539745;-0.006394695;CLPE68005;CLPE67003;CLPE67004;CLPE71002;CLPE38003;CLPE27003;CLPE42003;CLPE68002;CLPE28002;CLPE26001
CLPE67002;MOLSHEIM;67;BAS-RHIN;44;GRAND EST;0.2855508706;0.195727644;0.2756216659;0.1867347761;0.0099292046;0.0089928679;CLPE67004;CLPE42002;CLPE67003;CLPE35004;CLPE44003;CLPE37001;CLPE69D02;CLPE22001;CLPE35001;CLPE01004
CLPE67003;SAVERNE;67;BAS-RHIN;44;GRAND EST;0.2578468853;0.1804007239;0.2581329478;0.1718760666;-0.000286062;0.0085246573;CLPE67004;CLPE67001;CLPE68005;CLPE27001;CLPE38003;CLPE67002;CLPE42003;CLPE01002;CLPE22002;CLPE69D02
CLPE67004;SÉLESTAT - ERSTEIN;67;BAS-RHIN;44;GRAND EST;0.2744816621;0.1809943927;0.2635695549;0.1791529799;0.0109121072;0.0018414129;CLPE67003;CLPE67002;CLPE38003;CLPE69D02;CLPE01002;CLPE67001;CLPE01004;CLPE68005;CLPE68002;CLPE50002
CLPE67005;STRASBOURG;67;BAS-RHIN;44;GRAND EST;0.2125718811;0.140307186;0.2228408251;0.1481476488;-0.010268944;-0.007840463;CLPE51003;CLPE59004;CLPE13004;CLPE34003;CLPE69M02;CLPE95001;CLPE38002;CLPE69M05;CLPE77001;CLPE21003
CLPE68001;ALTKIRCH;68;HAUT-RHIN;44;GRAND EST;0.2285603127;0.1500639161;0.2255627331;0.1525571638;0.0029975796;-0.002493248;CLPE68005;CLPE67001;CLPE70002;CLPE57004;CLPE54004;CLPE28003;CLPE03003;CLPE42003;CLPE89001;CLPE76001
CLPE68002;COLMAR;68;HAUT-RHIN;44;GRAND EST;0.2598111271;0.1696503634;0.2548903787;0.171665917;0.0049207484;-0.002015554;CLPE01002;CLPE50002;CLPE67001;CLPE71002;CLPE38003;CLPE14002;CLPE28002;CLPE67004;CLPE37004;CLPE68005
CLPE68003;MULHOUSE;68;HAUT-RHIN;44;GRAND EST;0.2003446614;0.1296890772;0.2104285948;0.1389894598;-0.010083933;-0.009300383;CLPE90001;CLPE42001;CLPE45002;CLPE84002;CLPE57002;CLPE02004;CLPE27002;CLPE66002;CLPE13003;CLPE54003
CLPE68004;SAINT-LOUIS;68;HAUT-RHIN;44;GRAND EST;0.1938222222;0.1106666667;0.2102315714;0.1350680136;-0.016409349;-0.024401347;CLPE68003;CLPE01003;CLPE74003;CLPE57005;CLPE90001;CLPE54001;CLPE28003;CLPE45002;CLPE57004;CLPE02004
CLPE68005;THANN - GUEBWILLER;68;HAUT-RHIN;44;GRAND EST;0.2502667042;0.1641873843;0.2489523832;0.1685656529;0.001314321;-0.004378269;CLPE67001;CLPE42003;CLPE67003;CLPE67004;CLPE71002;CLPE68002;CLPE18001;CLPE50002;CLPE26001;CLPE76001
CLPE69D01;RHÔNE NORD;69D;NOUVEAU RHÔNE;84;AUVERGNE-RHÔNE-ALPES;0.2692330823;0.1831193911;0.2679944876;0.1803496666;0.0012385947;0.0027697245;CLPE69D02;CLPE01002;CLPE73002;CLPE38003;CLPE01004;CLPE68002;CLPE71005;CLPE67004;CLPE22002;CLPE69D04
CLPE69D02;RHÔNE OUEST;69D;NOUVEAU RHÔNE;84;AUVERGNE-RHÔNE-ALPES;0.2724952064;0.1811051817;0.2694255512;0.1848257624;0.0030696552;-0.003720581;CLPE69D01;CLPE67004;CLPE69D03;CLPE73002;CLPE01001;CLPE22001;CLPE14001;CLPE67003;CLPE69D04;CLPE01002
CLPE69D03;RHÔNE SUD 1;69D;NOUVEAU RHÔNE;84;AUVERGNE-RHÔNE-ALPES;0.277623614;0.1921036917;0.267606505;0.182674392;0.010017109;0.0094292998;CLPE33002;CLPE69D04;CLPE69D02;CLPE01001;CLPE31002;CLPE69D01;CLPE73002;CLPE74001;CLPE42002;CLPE01002
CLPE69D04;RHÔNE SUD 2;69D;NOUVEAU RHÔNE;84;AUVERGNE-RHÔNE-ALPES;0.2503331063;0.1772569804;0.2702659988;0.1836668506;-0.019932892;-0.00640987;CLPE33002;CLPE69D03;CLPE01001;CLPE31002;CLPE69D02;CLPE69D01;CLPE73002;CLPE67004;CLPE74001;CLPE38003
CLPE69M01;LES PORTES DU SUD;69M;LYON MÉTROPOLE;84;AUVERGNE-RHÔNE-ALPES;0.2008182355;0.1315344577;0.2150899273;0.1429943394;-0.014271692;-0.011459882;CLPE69M05;CLPE77001;CLPE68003;CLPE91001;CLPE67005;CLPE60004;CLPE69M02;CLPE42001;CLPE59004;CLPE51003
CLPE69M02;LÔNES ET CÔTEAUX DU RHÔNE;69M;LYON MÉTROPOLE;84;AUVERGNE-RHÔNE-ALPES;0.2221698304;0.1479111375;0.2251169179;0.1488649402;-0.002947087;-0.000953803;CLPE38002;CLPE60004;CLPE76004;CLPE51003;CLPE13003;CLPE28002;CLPE42001;CLPE67005;CLPE34003;CLPE37004
CLPE69M04;PORTES DES ALPES;69M;LYON MÉTROPOLE;84;AUVERGNE-RHÔNE-ALPES;0.219688699;0.1487569793;0.2299180108;0.1518545835;-0.010229312;-0.003097604;CLPE69M02;CLPE38002;CLPE63001;CLPE31004;CLPE21003;CLPE69M05;CLPE51003;CLPE13001;CLPE33003;CLPE34003
CLPE69M05;RHÔNE AMONT;69M;LYON MÉTROPOLE;84;AUVERGNE-RHÔNE-ALPES;0.2028672834;0.1362031851;0.2171347595;0.1454097943;-0.014267476;-0.009206609;CLPE69M01;CLPE69M02;CLPE95001;CLPE77001;CLPE91001;CLPE67005;CLPE60004;CLPE51003;CLPE69M04;CLPE59004
CLPE69M06;VAL DE SAÔNE ET PLATEAU NORD;69M;LYON MÉTROPOLE;84;AUVERGNE-RHÔNE-ALPES;0.2370973686;0.1597659007;0.2395098121;0.1615717288;-0.002412444;-0.001805828;CLPE13001;CLPE38002;CLPE91003;CLPE69M02;CLPE78002;CLPE69M07;CLPE91002;CLPE95002;CLPE34003;CLPE68002
CLPE69M07;VAL D'YZERON ET OUEST NORD;69M;LYON MÉTROPOLE;84;AUVERGNE-RHÔNE-ALPES;0.2417319657;0.1677670406;0.2495517585;0.1693517056;-0.007819793;-0.001584665;CLPE13001;CLPE69M06;CLPE78002;CLPE06001;CLPE31002;CLPE38002;CLPE69D04;CLPE91002;CLPE69D03;CLPE33003
CLPE69M08;VILLEURBANNE;69M;LYON MÉTROPOLE;84;AUVERGNE-RHÔNE-ALPES;0.2211917799;0.1482089756;0.2233129866;0.149491611;-0.002121207;-0.001282635;CLPE67005;CLPE95001;CLPE69M05;CLPE38002;CLPE91002;CLPE69M03;CLPE78003;CLPE34003;CLPE51003;CLPE91001
CLPE70001;GRAY;70;HAUTE-SAÔNE;27;BOURGOGNE-FRANCHE-COMTÉ;0.2531914356;0.1759144569;0.2500979092;0.1682854254;0.0030935263;0.0076290315;CLPE79003;CLPE72002;CLPE71004;CLPE86001;CLPE56002;CLPE86002;CLPE39001;CLPE40001;CLPE41002;CLPE39002
CLPE70002;LURE - LUXEUIL - HÉRICOURT;70;HAUTE-SAÔNE;27;BOURGOGNE-FRANCHE-COMTÉ;0.2131384545;0.1458065199;0.2179583174;0.146300223;-0.004819863;-0.000493703;CLPE55002;CLPE51005;CLPE63002;CLPE88002;CLPE81003;CLPE80001;CLPE71001;CLPE57003;CLPE88001;CLPE54004
CLPE70003;VESOUL;70;HAUTE-SAÔNE;27;BOURGOGNE-FRANCHE-COMTÉ;0.2272789616;0.1517686812;0.2319859351;0.1548191158;-0.004706973;-0.003050435;CLPE18001;CLPE57003;CLPE41001;CLPE24003;CLPE16001;CLPE89001;CLPE71002;CLPE61003;CLPE39001;CLPE58004
CLPE71001;AUTUN;71;SAÔNE-ET-LOIRE;27;BOURGOGNE-FRANCHE-COMTÉ;0.2208682459;0.1444570877;0.2102129647;0.1390117619;0.0106552812;0.0054453258;CLPE03003;CLPE45002;CLPE58004;CLPE18001;CLPE89001;CLPE81003;CLPE88004;CLPE88001;CLPE36001;CLPE55002
CLPE71002;CHALON-SUR-SAÔNE;71;SAÔNE-ET-LOIRE;27;BOURGOGNE-FRANCHE-COMTÉ;0.2749826208;0.1853493222;0.2399199593;0.1597051878;0.0350626615;0.0256441344;CLPE26001;CLPE16001;CLPE01002;CLPE28002;CLPE42003;CLPE18001;CLPE89001;CLPE41001;CLPE39001;CLPE14004
CLPE71003;CHAROLLES;71;SAÔNE-ET-LOIRE;27;BOURGOGNE-FRANCHE-COMTÉ;0.242708504;0.1655469987;0.2302224388;0.1523048925;0.0124860652;0.0132421063;CLPE37003;CLPE86002;CLPE16003;CLPE24001;CLPE43002;CLPE61002;CLPE19001;CLPE87001;CLPE63004;CLPE58003
CLPE71004;LOUHANS;71;SAÔNE-ET-LOIRE;27;BOURGOGNE-FRANCHE-COMTÉ;0.2673322901;0.1830351068;0.2428162916;0.1621980438;0.0245159985;0.020837063;CLPE41002;CLPE27001;CLPE76003;CLPE41003;CLPE72002;CLPE39001;CLPE61002;CLPE63004;CLPE70001;CLPE14004
CLPE71005;MÂCON;71;SAÔNE-ET-LOIRE;27;BOURGOGNE-FRANCHE-COMTÉ;0.2744662442;0.1796568685;0.2562782394;0.1717624945;0.0181880048;0.007894374;CLPE01002;CLPE41001;CLPE50001;CLPE39002;CLPE40001;CLPE22002;CLPE64002;CLPE39001;CLPE47001;CLPE01004
CLPE72001;SARTHE CENTRE;72;SARTHE;52;PAYS DE LA LOIRE;0.2369269069;0.157327569;0.2235585069;0.1486048962;0.0133684;0.0087226727;CLPE76002;CLPE16001;CLPE14002;CLPE76004;CLPE60003;CLPE25001;CLPE28002;CLPE18001;CLPE27002;CLPE37004
CLPE72002;SARTHE NORD;72;SARTHE;28;NORMANDIE;0.2455357143;0.1741071429;0.252650149;0.1678837956;-0.007114435;0.0062233473;CLPE72003;CLPE27001;CLPE79003;CLPE14004;CLPE71004;CLPE70001;CLPE76003;CLPE41002;CLPE63003;CLPE53002
CLPE72002;SARTHE NORD;72;SARTHE;52;PAYS DE LA LOIRE;0.2706646846;0.18111701;0.252650149;0.1678837956;0.0180145357;0.0132332144;CLPE72003;CLPE27001;CLPE79003;CLPE14004;CLPE71004;CLPE70001;CLPE76003;CLPE41002;CLPE63003;CLPE53002
CLPE72003;SARTHE SUD;72;SARTHE;52;PAYS DE LA LOIRE;0.2847918658;0.1874598071;0.2679335721;0.1797388079;0.0168582938;0.0077209992;CLPE72002;CLPE79003;CLPE49003;CLPE79001;CLPE26003;CLPE16002;CLPE37001;CLPE85004;CLPE70001;CLPE37002
CLPE73001;ALBERTVILLE;73;SAVOIE;84;AUVERGNE-RHÔNE-ALPES;0.4138172562;0.2660180574;0.316454587;0.2062764682;0.0973626692;0.0597415892;CLPE73003;CLPE38001;CLPE05001;CLPE74002;CLPE64003;CLPE56001;CLPE40003;CLPE85003;CLPE83002;CLPE65001
CLPE73002;CHAMBÉRY;73;SAVOIE;84;AUVERGNE-RHÔNE-ALPES;0.2750618653;0.1858115393;0.2686209923;0.1801623434;0.006440873;0.0056491959;CLPE74001;CLPE64002;CLPE01002;CLPE22002;CLPE69D02;CLPE69D01;CLPE12002;CLPE01004;CLPE67004;CLPE56003
CLPE73003;SAINT-JEAN DE MAURIENNE;73;SAVOIE;84;AUVERGNE-RHÔNE-ALPES;0.4171498036;0.2484259086;0.3230815951;0.2124076044;0.0940682085;0.0360183042;CLPE73001;CLPE38001;CLPE05001;CLPE74002;CLPE64003;CLPE85003;CLPE56001;CLPE35003;CLPE85002;CLPE85004
CLPE74001;ANNECY;74;HAUTE-SAVOIE;84;AUVERGNE-RHÔNE-ALPES;0.2981795951;0.1966067713;0.2801045711;0.1886276486;0.018075024;0.0079791227;CLPE73002;CLPE74002;CLPE01001;CLPE56001;CLPE69D01;CLPE35002;CLPE35003;CLPE69D02;CLPE01004;CLPE33002
CLPE74002;BONNEVILLE;74;HAUTE-SAVOIE;84;AUVERGNE-RHÔNE-ALPES;0.3247847127;0.2026233254;0.284166724;0.1908430197;0.0406179887;0.0117803057;CLPE74001;CLPE74004;CLPE35003;CLPE44003;CLPE56001;CLPE73002;CLPE35004;CLPE22001;CLPE64003;CLPE42002
CLPE74003;SAINT-JULIEN-EN-GENEVOIS;74;HAUTE-SAVOIE;84;AUVERGNE-RHÔNE-ALPES;0.2180468842;0.1267940675;0.2147451024;0.1401956821;0.0033017818;-0.013401615;CLPE01003;CLPE68004;CLPE68003;CLPE90001;CLPE42001;CLPE28003;CLPE60004;CLPE77005;CLPE77004;CLPE60001
CLPE74004;THONON-LES-BAINS;74;HAUTE-SAVOIE;84;AUVERGNE-RHÔNE-ALPES;0.2789641738;0.1668629346;0.275915439;0.1845861439;0.0030487348;-0.017723209;CLPE73002;CLPE74002;CLPE74001;CLPE64002;CLPE35003;CLPE56001;CLPE22001;CLPE40003;CLPE14003;CLPE83001
CLPE76001;DIEPPE;76;SEINE-MARITIME;28;NORMANDIE;0.2285575941;0.1563930109;0.2299114727;0.1525017569;-0.001353879;0.003891254;CLPE61001;CLPE27001;CLPE76002;CLPE45001;CLPE42003;CLPE14004;CLPE18001;CLPE59003;CLPE27003;CLPE80001
CLPE76002;LE HAVRE;76;SEINE-MARITIME;28;NORMANDIE;0.2115966788;0.1418522314;0.2175621345;0.1454823796;-0.005965456;-0.003630148;CLPE59003;CLPE72001;CLPE76004;CLPE60003;CLPE27002;CLPE13003;CLPE80002;CLPE16001;CLPE60001;CLPE62003
CLPE76003;PAYS DE BRAY;76;SEINE-MARITIME;28;NORMANDIE;0.2360520288;0.1656849913;0.2427632502;0.1608559094;-0.006711221;0.0048290818;CLPE27001;CLPE71004;CLPE14004;CLPE33005;CLPE28001;CLPE72002;CLPE61002;CLPE41002;CLPE41003;CLPE61001
CLPE76004;ROUEN;76;SEINE-MARITIME;28;NORMANDIE;0.2062441794;0.1377960796;0.2233044757;0.1490842141;-0.017060296;-0.011288135;CLPE27002;CLPE76002;CLPE72001;CLPE42001;CLPE13003;CLPE60003;CLPE28002;CLPE25001;CLPE60001;CLPE14002
CLPE77001;CENTRE SEINE-ET-MARNE;77;SEINE-ET-MARNE;11;ÎLE-DE-FRANCE;0.2269828754;0.1546608385;0.2205115479;0.1505657587;0.0064713276;0.0040950798;CLPE91001;CLPE95001;CLPE60004;CLPE77004;CLPE77003;CLPE77005;CLPE69M05;CLPE91003;CLPE95002;CLPE91002
CLPE77002;EST SEINE-ET-MARNE;77;SEINE-ET-MARNE;11;ÎLE-DE-FRANCE;0.2234853066;0.1524718193;0.2214520119;0.150335135;0.0020332947;0.0021366843;CLPE77004;CLPE77005;CLPE91003;CLPE95002;CLPE60004;CLPE28003;CLPE60001;CLPE77001;CLPE95001;CLPE51003
CLPE77003;MARNE-LA-VALLÉE;77;SEINE-ET-MARNE;11;ÎLE-DE-FRANCE;0.2233242841;0.1536088975;0.2138895382;0.1463268118;0.0094347459;0.0072820857;CLPE95001;CLPE91001;CLPE91002;CLPE95002;CLPE95004;CLPE78001;CLPE77001;CLPE94002;CLPE94001;CLPE94003
CLPE77004;NORD-EST SEINE-ET-MARNE;77;SEINE-ET-MARNE;11;ÎLE-DE-FRANCE;0.2273123184;0.1547662582;0.2207173046;0.1506234859;0.0065950138;0.0041427723;CLPE77002;CLPE77005;CLPE60004;CLPE95002;CLPE95001;CLPE77001;CLPE91003;CLPE60001;CLPE28003;CLPE91002
CLPE77005;SUD SEINE-ET-MARNE;77;SEINE-ET-MARNE;11;ÎLE-DE-FRANCE;0.2121934871;0.1404068608;0.2237597562;0.1523889385;-0.011566269;-0.011982078;CLPE77004;CLPE77002;CLPE60004;CLPE95002;CLPE95001;CLPE77001;CLPE91003;CLPE28003;CLPE51003;CLPE13004
CLPE78001;SEINE AVAL;78;YVELINES;11;ÎLE-DE-FRANCE;0.214181047;0.1481492646;0.2063609105;0.1402069442;0.0078201366;0.0079423204;CLPE95004;CLPE94002;CLPE94001;CLPE93002;CLPE94003;CLPE92004;CLPE77003;CLPE92001;CLPE95001;CLPE91001
CLPE78002;SUD-OUEST FRANCILIEN;78;YVELINES;11;ÎLE-DE-FRANCE;0.2462280234;0.1703679226;0.2267683581;0.1550682567;0.0194596653;0.0152996659;CLPE95002;CLPE91003;CLPE69M06;CLPE91002;CLPE94003;CLPE77003;CLPE78003;CLPE69M07;CLPE13001;CLPE77005
CLPE78002;SUD-OUEST FRANCILIEN;78;YVELINES;24;CENTRE-VAL DE LOIRE;0.2774687065;0.1811543811;0.2267683581;0.1550682567;0.0507003485;0.0260861244;CLPE95002;CLPE91003;CLPE69M06;CLPE91002;CLPE94003;CLPE77003;CLPE78003;CLPE69M07;CLPE13001;CLPE77005
CLPE78003;VERSAILLES - SAINT-QUENTIN-EN-YVELINES;78;YVELINES;11;ÎLE-DE-FRANCE;0.2299706525;0.1576870492;0.2178855129;0.1484177437;0.0120851395;0.0092693054;CLPE91002;CLPE95001;CLPE77003;CLPE92002;CLPE94003;CLPE92004;CLPE67005;CLPE95002;CLPE78001;CLPE94001
CLPE79001;BRESSUIRE;79;DEUX-SÈVRES;75;NOUVELLE-AQUITAINE;0.2794785833;0.1865207827;0.2814839149;0.1899772519;-0.002005332;-0.003456469;CLPE85004;CLPE16002;CLPE72003;CLPE50001;CLPE79003;CLPE49004;CLPE85001;CLPE53003;CLPE43003;CLPE35004
CLPE79002;NIORT;79;DEUX-SÈVRES;75;NOUVELLE-AQUITAINE;0.2473155308;0.1662857799;0.2572250672;0.1717986234;-0.009909536;-0.005512844;CLPE29001;CLPE47001;CLPE40001;CLPE56003;CLPE19001;CLPE50001;CLPE41001;CLPE29003;CLPE17006;CLPE64002
CLPE79003;PARTHENAY;79;DEUX-SÈVRES;75;NOUVELLE-AQUITAINE;0.2625733163;0.1745601025;0.2650241937;0.177235892;-0.002450877;-0.00267579;CLPE72002;CLPE86002;CLPE72003;CLPE70001;CLPE49003;CLPE26003;CLPE79001;CLPE85004;CLPE22003;CLPE16002
CLPE80001;ABBEVILLE;80;SOMME;32;HAUTS-DE-FRANCE;0.2265276997;0.1583272067;0.2174412003;0.1462294117;0.0090864994;0.012097795;CLPE62007;CLPE51005;CLPE70002;CLPE76001;CLPE88002;CLPE62006;CLPE52003;CLPE80003;CLPE24003;CLPE62003
CLPE80002;AMIENS;80;SOMME;32;HAUTS-DE-FRANCE;0.219144677;0.1461401274;0.2135285126;0.1424532473;0.0056161644;0.0036868801;CLPE76002;CLPE59003;CLPE62003;CLPE76004;CLPE27002;CLPE60003;CLPE90001;CLPE10003;CLPE60001;CLPE57002
CLPE80003;MONTDIDIER;80;SOMME;32;HAUTS-DE-FRANCE;0.2488442742;0.1683302828;0.2241609036;0.1507488773;0.0246833706;0.0175814055;CLPE80004;CLPE51005;CLPE70002;CLPE62007;CLPE80001;CLPE51001;CLPE55002;CLPE76001;CLPE62002;CLPE45004
CLPE80004;PÉRONNE;80;SOMME;32;HAUTS-DE-FRANCE;0.2465076705;0.1655047273;0.2242912132;0.1502353606;0.0222164573;0.0152693668;CLPE80003;CLPE51005;CLPE76001;CLPE02001;CLPE70002;CLPE80001;CLPE62007;CLPE71001;CLPE55002;CLPE59003
CLPE81001;TARN NORD;81;TARN;76;OCCITANIE;0.217474006;0.1424762372;0.219363159;0.144739011;-0.001889153;-0.002262774;CLPE65003;CLPE24003;CLPE81003;CLPE11001;CLPE82002;CLPE61003;CLPE58004;CLPE31003;CLPE46001;CLPE18001
CLPE81002;TARN OUEST;81;TARN;76;OCCITANIE;0.24750352;0.1591898624;0.2386231454;0.1574977399;0.0088803746;0.0016921226;CLPE82002;CLPE63003;CLPE24001;CLPE63002;CLPE26002;CLPE24003;CLPE07003;CLPE81003;CLPE32002;CLPE63004
CLPE81003;TARN SUD;81;TARN;76;OCCITANIE;0.2180333793;0.1436252929;0.2116350733;0.1397466874;0.006398306;0.0038786056;CLPE88001;CLPE63002;CLPE65003;CLPE11001;CLPE71001;CLPE55002;CLPE03002;CLPE81001;CLPE31003;CLPE70002
CLPE82001;CASTELSARRASIN;82;TARN-ET-GARONNE;76;OCCITANIE;0.2612452289;0.1694313369;0.2484640027;0.1595644803;0.0127812263;0.0098668566;CLPE33004;CLPE10001;CLPE47002;CLPE49003;CLPE33007;CLPE24001;CLPE66003;CLPE51005;CLPE07003;CLPE17001
CLPE82002;MONTAUBAN;82;TARN-ET-GARONNE;76;OCCITANIE;0.2420299967;0.15958558;0.2372141598;0.1561214725;0.0048158369;0.0034641075;CLPE24003;CLPE18001;CLPE81002;CLPE16001;CLPE26001;CLPE26002;CLPE84004;CLPE51001;CLPE84003;CLPE30001
CLPE83001;BRIGNOLES;83;VAR;93;PROVENCE-ALPES-CÔTE D'AZUR;0.2469468361;0.1650195832;0.2475861537;0.1661827664;-0.000639318;-0.001163183;CLPE31001;CLPE84001;CLPE30002;CLPE33005;CLPE83003;CLPE14001;CLPE50003;CLPE22003;CLPE40001;CLPE84003
CLPE83002;DRAGUIGNAN;83;VAR;93;PROVENCE-ALPES-CÔTE D'AZUR;0.2549747386;0.1790332244;0.2635645774;0.1795630673;-0.008589839;-0.000529843;CLPE83001;CLPE83003;CLPE06001;CLPE17004;CLPE17002;CLPE64003;CLPE24004;CLPE40003;CLPE33001;CLPE56001
CLPE83003;TOULON;83;VAR;93;PROVENCE-ALPES-CÔTE D'AZUR;0.2320635115;0.1560176138;0.2458793788;0.1644188893;-0.013815867;-0.008401276;CLPE83001;CLPE06001;CLPE06002;CLPE30002;CLPE64002;CLPE24003;CLPE73002;CLPE14002;CLPE56003;CLPE22002
CLPE84001;COMTAT-VENAISSIN;84;VAUCLUSE;93;PROVENCE-ALPES-CÔTE D'AZUR;0.2710710354;0.1822306503;0.2502132836;0.1669457096;0.0208577518;0.0152849407;CLPE13002;CLPE84003;CLPE84004;CLPE83001;CLPE24001;CLPE30002;CLPE26002;CLPE22003;CLPE04001;CLPE33005
CLPE84002;GRAND AVIGNON;84;VAUCLUSE;93;PROVENCE-ALPES-CÔTE D'AZUR;0.2311522858;0.1496850974;0.2093258712;0.1379273587;0.0218264147;0.0117577387;CLPE66002;CLPE68003;CLPE42001;CLPE30001;CLPE54003;CLPE67005;CLPE51003;CLPE90001;CLPE13003;CLPE57002
CLPE84003;HAUT-VAUCLUSE;84;VAUCLUSE;93;PROVENCE-ALPES-CÔTE D'AZUR;0.2605217925;0.1714241866;0.2477357315;0.1651608177;0.012786061;0.0062633689;CLPE26002;CLPE84001;CLPE84004;CLPE24001;CLPE13002;CLPE24003;CLPE82002;CLPE17006;CLPE30002;CLPE47001
CLPE84004;SUD-VAUCLUSE;84;VAUCLUSE;93;PROVENCE-ALPES-CÔTE D'AZUR;0.2609966882;0.1758684878;0.2438415042;0.1620984489;0.017155184;0.0137700389;CLPE84003;CLPE30002;CLPE26002;CLPE84001;CLPE24003;CLPE13002;CLPE82002;CLPE30001;CLPE24001;CLPE04001
CLPE85001;VENDÉE CENTRE;85;VENDÉE;52;PAYS DE LA LOIRE;0.2914983387;0.1986485199;0.2783696393;0.1889088475;0.0131286994;0.0097396724;CLPE44002;CLPE79001;CLPE79002;CLPE53001;CLPE17002;CLPE56003;CLPE44003;CLPE85004;CLPE29003;CLPE43003
CLPE85002;VENDÉE NORD;85;VENDÉE;52;PAYS DE LA LOIRE;0.3389094448;0.2382180927;0.2969001285;0.2031912201;0.0420093164;0.0350268726;CLPE44004;CLPE44002;CLPE53003;CLPE49002;CLPE85001;CLPE49004;CLPE79001;CLPE35004;CLPE85004;CLPE44003
CLPE85003;VENDÉE OUEST;85;VENDÉE;52;PAYS DE LA LOIRE;0.2980485133;0.2055841438;0.2818773033;0.1916953425;0.0161712099;0.0138888013;CLPE56001;CLPE35003;CLPE44003;CLPE40002;CLPE33001;CLPE85004;CLPE17004;CLPE22001;CLPE40003;CLPE33006
CLPE85004;VENDÉE SUD;85;VENDÉE;52;PAYS DE LA LOIRE;0.2777247271;0.1894168151;0.2785259148;0.1880161689;-0.000801188;0.0014006461;CLPE79001;CLPE44003;CLPE42002;CLPE21001;CLPE37001;CLPE50001;CLPE43003;CLPE79003;CLPE26003;CLPE49004
CLPE86001;CHÂTELLERAULT;86;VIENNE;75;NOUVELLE-AQUITAINE;0.2169221912;0.1447356263;0.2507222206;0.1666525798;-0.033800029;-0.021916954;CLPE39001;CLPE56002;CLPE41002;CLPE27001;CLPE14004;CLPE71002;CLPE41001;CLPE70001;CLPE71004;CLPE28001
CLPE86002;MONTMORILLON;86;VIENNE;75;NOUVELLE-AQUITAINE;0.2150657994;0.1397368023;0.2413314901;0.158719967;-0.026265691;-0.018983165;CLPE87003;CLPE71003;CLPE19002;CLPE79003;CLPE32002;CLPE16003;CLPE24001;CLPE64001;CLPE43001;CLPE24002
CLPE86003;POITIERS;86;VIENNE;75;NOUVELLE-AQUITAINE;0.243837005;0.1598155156;0.259568872;0.1742934531;-0.015731867;-0.014477937;CLPE29001;CLPE79002;CLPE17002;CLPE49001;CLPE56003;CLPE53001;CLPE64002;CLPE29003;CLPE41001;CLPE40001
CLPE87001;BELLAC;87;HAUTE-VIENNE;75;NOUVELLE-AQUITAINE;0.2098322061;0.140360328;0.2297190576;0.1500697802;-0.019886852;-0.009709452;CLPE87003;CLPE86002;CLPE71003;CLPE24002;CLPE61002;CLPE19002;CLPE58003;CLPE12003;CLPE32002;CLPE21004
CLPE87002;LIMOGES AGGLOMÉRATION;87;HAUTE-VIENNE;75;NOUVELLE-AQUITAINE;0.211967347;0.1379105184;0.2209294878;0.1458536643;-0.008962141;-0.007943146;CLPE25001;CLPE63001;CLPE76004;CLPE21003;CLPE16001;CLPE27002;CLPE42001;CLPE80002;CLPE72001;CLPE76002
CLPE87003;LIMOGES HORS AGGLOMÉRATION;87;HAUTE-VIENNE;75;NOUVELLE-AQUITAINE;0.2312805879;0.1487988012;0.2391116028;0.1573572825;-0.007831015;-0.008558481;CLPE87001;CLPE86002;CLPE12003;CLPE32002;CLPE71003;CLPE19002;CLPE79003;CLPE64001;CLPE37003;CLPE81002
CLPE87004;ROCHECHOUART;87;HAUTE-VIENNE;75;NOUVELLE-AQUITAINE;0.2081382696;0.136498216;0.2412385009;0.1607068154;-0.033100231;-0.024208599;CLPE46002;CLPE71003;CLPE57003;CLPE19001;CLPE16003;CLPE37003;CLPE19003;CLPE17006;CLPE63003;CLPE24001
CLPE88001;EPINAL;88;VOSGES;44;GRAND EST;0.1958855049;0.1326269258;0.2138239429;0.1411339275;-0.017938438;-0.008507002;CLPE81003;CLPE55002;CLPE88004;CLPE36001;CLPE03002;CLPE54004;CLPE65003;CLPE10003;CLPE71001;CLPE58004
CLPE88002;NEUFCHÂTEAU;88;VOSGES;44;GRAND EST;0.2094194266;0.1422444603;0.2206293835;0.1474582474;-0.011209957;-0.005213787;CLPE70002;CLPE55002;CLPE63002;CLPE80001;CLPE51005;CLPE57003;CLPE81003;CLPE03003;CLPE71001;CLPE21004
CLPE88003;REMIREMONT;88;VOSGES;44;GRAND EST;0.2330378378;0.158154955;0.2391242055;0.1610497414;-0.006086368;-0.002894786;CLPE62006;CLPE37003;CLPE71003;CLPE42003;CLPE19001;CLPE38004;CLPE70002;CLPE54004;CLPE43002;CLPE68005
CLPE88004;SAINT-DIÉ DES VOSGES;88;VOSGES;44;GRAND EST;0.1888321367;0.1245362116;0.208345619;0.1384247062;-0.019513482;-0.013888495;CLPE88001;CLPE03001;CLPE57004;CLPE71001;CLPE55002;CLPE70002;CLPE81003;CLPE03003;CLPE10003;CLPE45002
CLPE89001;AUXERRE;89;YONNE;27;BOURGOGNE-FRANCHE-COMTÉ;0.2257269906;0.1492156925;0.2329879519;0.1543217885;-0.007260961;-0.005106096;CLPE03003;CLPE89003;CLPE61001;CLPE18001;CLPE28001;CLPE71002;CLPE02001;CLPE16001;CLPE71001;CLPE28002
CLPE89002;AVALLON;89;YONNE;27;BOURGOGNE-FRANCHE-COMTÉ;0.2118612862;0.1364827691;0.2291747606;0.1501301899;-0.017313474;-0.013647421;CLPE46001;CLPE07003;CLPE24001;CLPE19002;CLPE09003;CLPE37003;CLPE16003;CLPE46002;CLPE23001;CLPE71003
CLPE89003;SENS;89;YONNE;27;BOURGOGNE-FRANCHE-COMTÉ;0.2302786212;0.1558258571;0.2230986597;0.1484567901;0.0071799615;0.007369067;CLPE89001;CLPE25002;CLPE60001;CLPE27002;CLPE28002;CLPE27003;CLPE60003;CLPE45002;CLPE02001;CLPE28001
CLPE90001;BELFORT;90;TERRITOIRE DE BELFORT;27;BOURGOGNE-FRANCHE-COMTÉ;0.1995642948;0.1335389972;0.21395204;0.1412747718;-0.014387745;-0.007735775;CLPE68003;CLPE45002;CLPE27002;CLPE42001;CLPE76004;CLPE60001;CLPE10003;CLPE02004;CLPE60003;CLPE57002
CLPE91001;SEINE ESSONNE;91;ESSONNE;11;ÎLE-DE-FRANCE;0.2277144258;0.1547463285;0.2132129665;0.1460488037;0.0145014593;0.0086975247;CLPE77001;CLPE95001;CLPE77003;CLPE94001;CLPE91002;CLPE69M05;CLPE95004;CLPE94002;CLPE95002;CLPE78001
CLPE91002;NORD-OUEST ESSONNE;91;ESSONNE;11;ÎLE-DE-FRANCE;0.2252428156;0.1546112772;0.2241611596;0.1535199275;0.001081656;0.0010913497;CLPE78003;CLPE95001;CLPE77003;CLPE95002;CLPE91003;CLPE91001;CLPE77004;CLPE77001;CLPE60004;CLPE69M02
CLPE91003;SUD ESSONNE;91;ESSONNE;11;ÎLE-DE-FRANCE;0.2252751905;0.1554297206;0.228877594;0.1560381816;-0.003602403;-0.000608461;CLPE95002;CLPE77002;CLPE91002;CLPE77004;CLPE60004;CLPE77005;CLPE78002;CLPE77003;CLPE77001;CLPE95001
CLPE92001;BOUCLE NORD DE SEINE;92;HAUTS-DE-SEINE;11;ÎLE-DE-FRANCE;0.2058342223;0.1393209604;0.2046724391;0.1377301009;0.0011617832;0.0015908595;CLPE94001;CLPE78001;CLPE92004;CLPE94002;CLPE95004;CLPE93002;CLPE94003;CLPE93001;CLPE93004;CLPE77003
CLPE92002;GRAND PARIS SEINE OUEST;92;HAUTS-DE-SEINE;11;ÎLE-DE-FRANCE;0.2268913766;0.1535121171;0.2244102555;0.1524173117;0.0024811211;0.0010948054;CLPE92004;CLPE78003;CLPE94003;CLPE78002;CLPE91002;CLPE78001;CLPE92001;CLPE77003;CLPE94001;CLPE95001
CLPE92003;PARIS OUEST LA DÉFENSE;92;HAUTS-DE-SEINE;11;ÎLE-DE-FRANCE;0.207405719;0.1455977219;0.2071760073;0.140081436;0.0002297117;0.0055162859;CLPE92001;CLPE92004;CLPE92002;CLPE75001;CLPE94003;CLPE78001;CLPE94002;CLPE95004;CLPE94001;CLPE93004
CLPE92004;VALLÉE SUD GRAND PARIS;92;HAUTS-DE-SEINE;11;ÎLE-DE-FRANCE;0.2204500352;0.1487957491;0.2105765886;0.1434352434;0.0098734467;0.0053605056;CLPE94003;CLPE78001;CLPE95004;CLPE94002;CLPE92001;CLPE94001;CLPE92002;CLPE78003;CLPE77003;CLPE95001
CLPE93001;EST ENSEMBLE;93;SEINE-SAINT-DENIS;11;ÎLE-DE-FRANCE;0.2097241683;0.1320492934;0.1993794014;0.1346187328;0.0103447669;-0.002569439;CLPE93002;CLPE93004;CLPE92001;CLPE94001;CLPE94002;CLPE93003;CLPE95004;CLPE78001;CLPE92004;CLPE94003
CLPE93002;GRAND PARIS GRAND EST;93;SEINE-SAINT-DENIS;11;ÎLE-DE-FRANCE;0.1910674831;0.1284386106;0.203652944;0.1378422977;-0.012585461;-0.009403687;CLPE95004;CLPE94002;CLPE94001;CLPE78001;CLPE92001;CLPE93003;CLPE93001;CLPE95003;CLPE77003;CLPE91001
CLPE93003;PARIS TERRES D'ENVOL;93;SEINE-SAINT-DENIS;11;ÎLE-DE-FRANCE;0.1800782274;0.1217367342;0.2018595988;0.135615898;-0.021781371;-0.013879164;CLPE95003;CLPE93002;CLPE93004;CLPE94001;CLPE93001;CLPE94002;CLPE95004;CLPE92001;CLPE78001;CLPE91001
CLPE93004;PLAINE COMMUNE;93;SEINE-SAINT-DENIS;11;ÎLE-DE-FRANCE;0.1906891494;0.1247467194;0.2004484004;0.1347283125;-0.009759251;-0.009981593;CLPE93001;CLPE93003;CLPE92001;CLPE93002;CLPE94001;CLPE94002;CLPE95003;CLPE95004;CLPE78001;CLPE92004
CLPE94001;GRAND ORLY SEINE BIÈVRE;94;VAL-DE-MARNE;11;ÎLE-DE-FRANCE;0.2019592226;0.1357908451;0.2069897619;0.1410339437;-0.005030539;-0.005243099;CLPE94002;CLPE95004;CLPE93002;CLPE78001;CLPE92001;CLPE95001;CLPE91001;CLPE77003;CLPE92004;CLPE94003
CLPE94002;GRAND PARIS SUD-EST AVENIR;94;VAL-DE-MARNE;11;ÎLE-DE-FRANCE;0.1890835431;0.1285496871;0.2083295789;0.1417759235;-0.019246036;-0.013226236;CLPE95004;CLPE94001;CLPE78001;CLPE93002;CLPE92004;CLPE77003;CLPE92001;CLPE94003;CLPE95001;CLPE91001
CLPE94003;PARIS EST MARNE ET BOIS;94;VAL-DE-MARNE;11;ÎLE-DE-FRANCE;0.2109905187;0.1410007937;0.2121359384;0.1447719593;-0.00114542;-0.003771166;CLPE92004;CLPE78001;CLPE95004;CLPE77003;CLPE94002;CLPE94001;CLPE92001;CLPE95001;CLPE78003;CLPE92002
CLPE95001;CERGY-PONTOISE VEXIN;95;VAL-D'OISE;11;ÎLE-DE-FRANCE;0.2132945814;0.1472419997;0.2193535438;0.1489236007;-0.006058962;-0.001681601;CLPE91001;CLPE77003;CLPE91002;CLPE77001;CLPE77004;CLPE95002;CLPE67005;CLPE94001;CLPE77005;CLPE69M05
CLPE95002;NORD VAL-D'OISE;95;VAL-D'OISE;11;ÎLE-DE-FRANCE;0.2247141638;0.156772607;0.2296006106;0.1562712321;-0.004886447;0.000501375;CLPE91003;CLPE77004;CLPE91002;CLPE77003;CLPE77002;CLPE95001;CLPE78002;CLPE77005;CLPE77001;CLPE91001
CLPE95003;ROISSY PAYS DE FRANCE;95;VAL-D'OISE;11;ÎLE-DE-FRANCE;0.2011400572;0.1363364639;0.2034835613;0.1386184903;-0.002343504;-0.002282026;CLPE93003;CLPE93002;CLPE91001;CLPE94001;CLPE95004;CLPE77003;CLPE94002;CLPE78001;CLPE95001;CLPE92001
CLPE95004;CENTRE VAL-D'OISE;95;VAL-D'OISE;11;ÎLE-DE-FRANCE;0.1972829913;0.1357185613;0.2077066484;0.141236165;-0.010423657;-0.005517604;CLPE94002;CLPE78001;CLPE94001;CLPE93002;CLPE77003;CLPE94003;CLPE92004;CLPE92001;CLPE95001;CLPE91001
CLPE97101;BASSE-TERRE;971;GUADELOUPE;1;GUADELOUPE;0.1159792869;0.0781267199;0.1318422328;0.08958;-0.015862946;-0.01145328;CLPE97102;CLPE97202;CLPE97103;CLPE97104;CLPE97401;CLPE97203;CLPE97403;CLPE97402;CLPE97404;CLPE97201
CLPE97102;GRANDE-TERRE;971;GUADELOUPE;1;GUADELOUPE;0.1257556292;0.0847967974;0.1318464983;0.0895701529;-0.006090869;-0.004773356;CLPE97101;CLPE97203;CLPE97104;CLPE97403;CLPE97103;CLPE97402;CLPE97202;CLPE97401;CLPE97201;CLPE97404
CLPE97103;MARIE-GALANTE;971;GUADELOUPE;1;GUADELOUPE;0.1243156742;0.0820769814;0.1312082228;0.0892847002;-0.006892549;-0.007207719;CLPE97101;CLPE97102;CLPE97202;CLPE97104;CLPE97203;CLPE97401;CLPE97403;CLPE97402;CLPE97201;CLPE97404
CLPE97104;CENTRE GUADELOUPE;971;GUADELOUPE;1;GUADELOUPE;0.1251243334;0.0825401321;0.1333652399;0.0905350466;-0.008240907;-0.007994915;CLPE97102;CLPE97101;CLPE97402;CLPE97201;CLPE97203;CLPE97403;CLPE97103;CLPE97401;CLPE97202;CLPE97304
CLPE97201;CENTRE MARTINIQUE;972;MARTINIQUE;2;MARTINIQUE;0.1525992284;0.1007383788;0.1334871564;0.0909576907;0.019112072;0.0097806881;CLPE97203;CLPE97104;CLPE97402;CLPE97403;CLPE97102;CLPE97304;CLPE97302;CLPE97202;CLPE97101;CLPE97401
CLPE97202;NORD MARTINIQUE;972;MARTINIQUE;2;MARTINIQUE;0.1393113977;0.0926984481;0.1296223283;0.0884193757;0.0096890694;0.0042790724;CLPE97101;CLPE97102;CLPE97401;CLPE97403;CLPE97103;CLPE97404;CLPE97203;CLPE97402;CLPE97201;CLPE97104
CLPE97203;SUD MARTINIQUE;972;MARTINIQUE;2;MARTINIQUE;0.1503049237;0.1021229695;0.1318071318;0.0891433209;0.0184977918;0.0129796486;CLPE97102;CLPE97201;CLPE97403;CLPE97402;CLPE97104;CLPE97101;CLPE97202;CLPE97304;CLPE97401;CLPE97103
CLPE97301;EST GUYANAIS;973;GUYANE;3;GUYANE;0.0576572395;0.039687013;0.1229965691;0.0840414014;-0.06533933;-0.044354388;CLPE97303;CLPE97401;CLPE97304;CLPE97101;CLPE97103;CLPE97102;CLPE97202;CLPE97403;CLPE97302;CLPE97404
CLPE97302;GUYANE CENTRE LITTORAL;973;GUYANE;3;GUYANE;0.1420812188;0.0975050639;0.1487207112;0.1000328209;-0.006639492;-0.002527757;CLPE97304;CLPE97201;CLPE97203;CLPE97402;CLPE97403;CLPE08001;CLPE97104;CLPE97102;CLPE59006;CLPE02003
CLPE97303;OUEST GUYANAIS;973;GUYANE;3;GUYANE;0.0879362594;0.0598792617;0.1201718727;0.081971255;-0.032235613;-0.022091993;CLPE97301;CLPE97401;CLPE97304;CLPE97101;CLPE97102;CLPE97103;CLPE97302;CLPE97104;CLPE97402;CLPE97403
CLPE97304;SAVANES;973;GUYANE;3;GUYANE;0.1357638233;0.0923577192;0.1400985824;0.0949920203;-0.004334759;-0.002634301;CLPE97302;CLPE97402;CLPE97403;CLPE97203;CLPE97201;CLPE97401;CLPE97102;CLPE97104;CLPE08001;CLPE97202
CLPE97401;LA RÉUNION EST;974;LA RÉUNION;4;LA RÉUNION;0.1144673024;0.0807962681;0.1309476365;0.089424048;-0.016480334;-0.00862778;CLPE97404;CLPE97403;CLPE97402;CLPE97101;CLPE97102;CLPE97202;CLPE97104;CLPE97203;CLPE97103;CLPE97304
CLPE97402;LA RÉUNION NORD;974;LA RÉUNION;4;LA RÉUNION;0.1373788651;0.0959744493;0.1320998416;0.090022092;0.0052790235;0.0059523573;CLPE97403;CLPE97401;CLPE97104;CLPE97201;CLPE97203;CLPE97102;CLPE97404;CLPE97101;CLPE97304;CLPE97202
CLPE97403;LA RÉUNION OUEST;974;LA RÉUNION;4;LA RÉUNION;0.1367829746;0.0949735492;0.1321254908;0.090223067;0.0046574837;0.0047504822;CLPE97402;CLPE97401;CLPE97404;CLPE97203;CLPE97102;CLPE97201;CLPE97202;CLPE97104;CLPE97101;CLPE97304
CLPE97404;LA RÉUNION SUD;974;LA RÉUNION;4;LA RÉUNION;0.122811978;0.087712679;0.1308145005;0.0889855068;-0.008002522;-0.001272828;CLPE97401;CLPE97403;CLPE97402;CLPE97202;CLPE97101;CLPE97102;CLPE97104;CLPE97103;CLPE97203;CLPE97201
